{
    "key": "group_5b9bafa10a548",
    "title": "Sections",
    "fields": [
        {
            "key": "field_5b9bafde734b5",
            "label": "Sections",
            "name": "sections",
            "type": "flexible_content",
            "instructions": "",
            "required": 0,
            "conditional_logic": 0,
            "wrapper": {
                "width": "",
                "class": "",
                "id": ""
            },
            "layouts": {
                "5b9bb1c928ace": {
                    "key": "5b9bb1c928ace",
                    "name": "text",
                    "label": "Texte",
                    "display": "block",
                    "sub_fields": [
                        {
                            "key": "field_5b9bb1e1734b7",
                            "label": "Titre",
                            "name": "title",
                            "type": "text",
                            "instructions": "",
                            "required": 0,
                            "conditional_logic": 0,
                            "wrapper": {
                                "width": "",
                                "class": "title",
                                "id": ""
                            },
                            "default_value": "",
                            "placeholder": "",
                            "prepend": "",
                            "append": "",
                            "maxlength": ""
                        },
                        {
                            "key": "field_5b9bb20c734b8",
                            "label": "Texte",
                            "name": "text",
                            "type": "wysiwyg",
                            "instructions": "",
                            "required": 0,
                            "conditional_logic": 0,
                            "wrapper": {
                                "width": "",
                                "class": "",
                                "id": ""
                            },
                            "default_value": "",
                            "tabs": "all",
                            "toolbar": "full",
                            "media_upload": 0,
                            "delay": 0
                        }
                    ],
                    "min": "",
                    "max": ""
                },
                "layout_5b9bb37d734bf": {
                    "key": "layout_5b9bb37d734bf",
                    "name": "cta",
                    "label": "CTA",
                    "display": "block",
                    "sub_fields": [
                        {
                            "key": "field_5b9bb3d9734c3",
                            "label": "Bouton",
                            "name": "button",
                            "type": "link",
                            "instructions": "",
                            "required": 0,
                            "conditional_logic": 0,
                            "wrapper": {
                                "width": "",
                                "class": "",
                                "id": ""
                            },
                            "return_format": "array"
                        },
                        {
                            "key": "field_5b9bb37d734c0",
                            "label": "Titre",
                            "name": "title",
                            "type": "text",
                            "instructions": "",
                            "required": 0,
                            "conditional_logic": 0,
                            "wrapper": {
                                "width": "",
                                "class": "section__title",
                                "id": ""
                            },
                            "default_value": "",
                            "placeholder": "",
                            "prepend": "",
                            "append": "",
                            "maxlength": ""
                        },
                        {
                            "key": "field_5b9bb37d734c1",
                            "label": "Texte",
                            "name": "text",
                            "type": "textarea",
                            "instructions": "",
                            "required": 0,
                            "conditional_logic": 0,
                            "wrapper": {
                                "width": "",
                                "class": "",
                                "id": ""
                            },
                            "default_value": "",
                            "placeholder": "",
                            "maxlength": "",
                            "rows": "",
                            "new_lines": ""
                        },
                        {
                            "key": "field_5b9bb37d564c3",
                            "label": "Fond",
                            "name": "fond",
                            "type": "radio",
                            "instructions": "",
                            "required": 0,
                            "conditional_logic": 0,
                            "wrapper": {
                                "width": "",
                                "class": "",
                                "id": ""
                            },
                            "choices": {
                                "Blanc": "Blanc",
                                "Gris": "Gris",
                                "Couleur": "Couleur",
                                "Image": "Image"
                            },
                            "allow_null": 0,
                            "other_choice": 0,
                            "default_value": "Blanc",
                            "layout": "horizontal",
                            "return_format": "value",
                            "save_other_choice": 0
                        },
                        {
                            "key": "field_5ba612cd36489",
                            "label": "Image",
                            "name": "image",
                            "type": "image",
                            "instructions": "",
                            "required": 0,
                            "conditional_logic": [
                                [
                                    {
                                        "field": "field_5b9bb37d564c3",
                                        "operator": "==",
                                        "value": "Image"
                                    }
                                ]
                            ],
                            "wrapper": {
                                "width": "",
                                "class": "",
                                "id": ""
                            },
                            "return_format": "url",
                            "preview_size": "thumbnail",
                            "library": "all",
                            "min_width": "",
                            "min_height": "",
                            "min_size": "",
                            "max_width": "",
                            "max_height": "",
                            "max_size": "",
                            "mime_types": ""
                        }
                    ],
                    "min": "",
                    "max": ""
                },
                "layout_5ba4af1886493": {
                    "key": "layout_5ba4af1886493",
                    "name": "team",
                    "label": "Équipe",
                    "display": "block",
                    "sub_fields": [
                        {
                            "key": "field_5ea8355a84e77",
                            "label": "Title",
                            "name": "title",
                            "type": "text",
                            "instructions": "",
                            "required": 0,
                            "conditional_logic": 0,
                            "wrapper": {
                                "width": "",
                                "class": "",
                                "id": ""
                            },
                            "default_value": "",
                            "placeholder": "",
                            "prepend": "",
                            "append": "",
                            "maxlength": ""
                        },
                        {
                            "key": "field_5ba61d2b70c62",
                            "label": "Slogan",
                            "name": "slogan",
                            "type": "text",
                            "instructions": "Le titre affiché dans la section",
                            "required": 0,
                            "conditional_logic": 0,
                            "wrapper": {
                                "width": "",
                                "class": "",
                                "id": ""
                            },
                            "default_value": "",
                            "placeholder": "",
                            "prepend": "",
                            "append": "",
                            "maxlength": ""
                        }
                    ],
                    "min": "",
                    "max": "1"
                },
                "layout_5ba630a0a7bfc": {
                    "key": "layout_5ba630a0a7bfc",
                    "name": "testimonials",
                    "label": "Témoignages",
                    "display": "block",
                    "sub_fields": [
                        {
                            "key": "field_5ba630a0a7bfd",
                            "label": "Titre",
                            "name": "title",
                            "type": "text",
                            "instructions": "Le titre affiché dans la section",
                            "required": 0,
                            "conditional_logic": 0,
                            "wrapper": {
                                "width": "",
                                "class": "",
                                "id": ""
                            },
                            "default_value": "",
                            "placeholder": "",
                            "prepend": "",
                            "append": "",
                            "maxlength": ""
                        },
                        {
                            "key": "field_5ea8360484e78",
                            "label": "Slogan",
                            "name": "slogan",
                            "type": "text",
                            "instructions": "",
                            "required": 0,
                            "conditional_logic": 0,
                            "wrapper": {
                                "width": "",
                                "class": "",
                                "id": ""
                            },
                            "default_value": "",
                            "placeholder": "",
                            "prepend": "",
                            "append": "",
                            "maxlength": ""
                        }
                    ],
                    "min": "",
                    "max": "1"
                },
                "layout_5ba6725ceb0fa": {
                    "key": "layout_5ba6725ceb0fa",
                    "name": "s-images",
                    "label": "Slider - Images",
                    "display": "block",
                    "sub_fields": [
                        {
                            "key": "field_5ba68b9426093",
                            "label": "Titre",
                            "name": "title",
                            "type": "text",
                            "instructions": "",
                            "required": 0,
                            "conditional_logic": 0,
                            "wrapper": {
                                "width": "",
                                "class": "",
                                "id": ""
                            },
                            "default_value": "",
                            "placeholder": "",
                            "prepend": "",
                            "append": "",
                            "maxlength": ""
                        },
                        {
                            "key": "field_5ba68a858e163",
                            "label": "",
                            "name": "logo_list",
                            "type": "gallery",
                            "instructions": "",
                            "required": 0,
                            "conditional_logic": 0,
                            "wrapper": {
                                "width": "",
                                "class": "",
                                "id": ""
                            },
                            "min": "",
                            "max": "",
                            "insert": "append",
                            "library": "all",
                            "min_width": "",
                            "min_height": "",
                            "min_size": "",
                            "max_width": "",
                            "max_height": "",
                            "max_size": "",
                            "mime_types": "",
                            "return_format": "array",
                            "preview_size": "medium"
                        }
                    ],
                    "min": "",
                    "max": ""
                },
                "layout_5ba672c4eb0fd": {
                    "key": "layout_5ba672c4eb0fd",
                    "name": "s-formations",
                    "label": "Slider - Nos formations",
                    "display": "block",
                    "sub_fields": [
                        {
                            "key": "field_5ea836db84e7a",
                            "label": "Label du bouton",
                            "name": "button",
                            "type": "link",
                            "instructions": "",
                            "required": 0,
                            "conditional_logic": 0,
                            "wrapper": {
                                "width": "",
                                "class": "",
                                "id": ""
                            },
                            "return_format": "array"
                        },
                        {
                            "key": "field_5ea836bd84e79",
                            "label": "Slogan",
                            "name": "slogan",
                            "type": "text",
                            "instructions": "",
                            "required": 0,
                            "conditional_logic": 0,
                            "wrapper": {
                                "width": "",
                                "class": "",
                                "id": ""
                            },
                            "default_value": "",
                            "placeholder": "",
                            "prepend": "",
                            "append": "",
                            "maxlength": ""
                        },
                        {
                            "key": "field_5ba68c56d1ddf",
                            "label": "Titre",
                            "name": "title",
                            "type": "text",
                            "instructions": "",
                            "required": 0,
                            "conditional_logic": 0,
                            "wrapper": {
                                "width": "",
                                "class": "",
                                "id": ""
                            },
                            "default_value": "",
                            "placeholder": "",
                            "prepend": "",
                            "append": "",
                            "maxlength": ""
                        }
                    ],
                    "min": "",
                    "max": ""
                },
                "layout_5ea8373d84e7b": {
                    "key": "layout_5ea8373d84e7b",
                    "name": "slider",
                    "label": "Slider",
                    "display": "block",
                    "sub_fields": [
                        {
                            "key": "field_5ea8373d84e7c",
                            "label": "Titre",
                            "name": "title",
                            "type": "text",
                            "instructions": "",
                            "required": 0,
                            "conditional_logic": 0,
                            "wrapper": {
                                "width": "",
                                "class": "",
                                "id": ""
                            },
                            "default_value": "",
                            "placeholder": "",
                            "prepend": "",
                            "append": "",
                            "maxlength": ""
                        },
                        {
                            "key": "field_5ea8373d84e7d",
                            "label": "Slogan",
                            "name": "slogan",
                            "type": "text",
                            "instructions": "",
                            "required": 0,
                            "conditional_logic": 0,
                            "wrapper": {
                                "width": "",
                                "class": "",
                                "id": ""
                            },
                            "default_value": "",
                            "placeholder": "",
                            "prepend": "",
                            "append": "",
                            "maxlength": ""
                        },
                        {
                            "key": "field_5ea8373d84e7e",
                            "label": "Boutton",
                            "name": "button",
                            "type": "link",
                            "instructions": "",
                            "required": 0,
                            "conditional_logic": 0,
                            "wrapper": {
                                "width": "",
                                "class": "",
                                "id": ""
                            },
                            "return_format": "array"
                        },
                        {
                            "key": "field_5ea8382b84e7f",
                            "label": "Items",
                            "name": "items",
                            "type": "repeater",
                            "instructions": "",
                            "required": 0,
                            "conditional_logic": 0,
                            "wrapper": {
                                "width": "",
                                "class": "",
                                "id": ""
                            },
                            "collapsed": "",
                            "min": 0,
                            "max": 0,
                            "layout": "table",
                            "button_label": "",
                            "sub_fields": [
                                {
                                    "key": "field_5ea8384d84e80",
                                    "label": "Titre",
                                    "name": "title",
                                    "type": "text",
                                    "instructions": "",
                                    "required": 0,
                                    "conditional_logic": 0,
                                    "wrapper": {
                                        "width": "",
                                        "class": "",
                                        "id": ""
                                    },
                                    "default_value": "",
                                    "placeholder": "",
                                    "prepend": "",
                                    "append": "",
                                    "maxlength": ""
                                },
                                {
                                    "key": "field_5ea8385484e81",
                                    "label": "Texte",
                                    "name": "text",
                                    "type": "textarea",
                                    "instructions": "",
                                    "required": 0,
                                    "conditional_logic": 0,
                                    "wrapper": {
                                        "width": "",
                                        "class": "",
                                        "id": ""
                                    },
                                    "default_value": "",
                                    "placeholder": "",
                                    "maxlength": "",
                                    "rows": "",
                                    "new_lines": ""
                                },
                                {
                                    "key": "field_5ea8385d84e82",
                                    "label": "Image",
                                    "name": "image",
                                    "type": "image",
                                    "instructions": "",
                                    "required": 0,
                                    "conditional_logic": 0,
                                    "wrapper": {
                                        "width": "",
                                        "class": "",
                                        "id": ""
                                    },
                                    "return_format": "array",
                                    "preview_size": "thumbnail",
                                    "library": "all",
                                    "min_width": "",
                                    "min_height": "",
                                    "min_size": "",
                                    "max_width": "",
                                    "max_height": "",
                                    "max_size": "",
                                    "mime_types": ""
                                }
                            ]
                        }
                    ],
                    "min": "",
                    "max": ""
                },
                "layout_5ba67318eb101": {
                    "key": "layout_5ba67318eb101",
                    "name": "contact",
                    "label": "Contact",
                    "display": "block",
                    "sub_fields": [
                        {
                            "key": "field_5ea8389d84e83",
                            "label": "Slogan",
                            "name": "slogan",
                            "type": "text",
                            "instructions": "",
                            "required": 0,
                            "conditional_logic": 0,
                            "wrapper": {
                                "width": "",
                                "class": "",
                                "id": ""
                            },
                            "default_value": "",
                            "placeholder": "",
                            "prepend": "",
                            "append": "",
                            "maxlength": ""
                        },
                        {
                            "key": "field_5ba6741fet102",
                            "label": "Contact Form",
                            "name": "contact_form",
                            "type": "cf7",
                            "instructions": "",
                            "required": 0,
                            "conditional_logic": 0,
                            "wrapper": {
                                "width": "",
                                "class": "",
                                "id": ""
                            },
                            "allow_null": 0,
                            "multiple": 0,
                            "disable": ""
                        },
                        {
                            "key": "field_5ba68c6fd1de1",
                            "label": "Titre",
                            "name": "title",
                            "type": "text",
                            "instructions": "",
                            "required": 0,
                            "conditional_logic": 0,
                            "wrapper": {
                                "width": "",
                                "class": "",
                                "id": ""
                            },
                            "default_value": "",
                            "placeholder": "",
                            "prepend": "",
                            "append": "",
                            "maxlength": ""
                        }
                    ],
                    "min": "",
                    "max": ""
                },
                "layout_5b86744c3c176": {
                    "key": "layout_5b86744c3c176",
                    "name": "accordeon",
                    "label": "Accordéon",
                    "display": "block",
                    "sub_fields": [
                        {
                            "key": "field_5ea838f584e85",
                            "label": "Slogan",
                            "name": "slogan",
                            "type": "text",
                            "instructions": "",
                            "required": 0,
                            "conditional_logic": 0,
                            "wrapper": {
                                "width": "",
                                "class": "",
                                "id": ""
                            },
                            "default_value": "",
                            "placeholder": "",
                            "prepend": "",
                            "append": "",
                            "maxlength": ""
                        },
                        {
                            "key": "field_5ea838e184e84",
                            "label": "Texte",
                            "name": "text",
                            "type": "wysiwyg",
                            "instructions": "",
                            "required": 0,
                            "conditional_logic": 0,
                            "wrapper": {
                                "width": "",
                                "class": "",
                                "id": ""
                            },
                            "default_value": "",
                            "tabs": "all",
                            "toolbar": "full",
                            "media_upload": 1,
                            "delay": 0
                        },
                        {
                            "key": "field_5bd7693a51484",
                            "label": "Items",
                            "name": "items",
                            "type": "repeater",
                            "instructions": "",
                            "required": 0,
                            "conditional_logic": 0,
                            "wrapper": {
                                "width": "",
                                "class": "",
                                "id": ""
                            },
                            "collapsed": "",
                            "min": 0,
                            "max": 0,
                            "layout": "table",
                            "button_label": "",
                            "sub_fields": [
                                {
                                    "key": "field_5bd7694d51485",
                                    "label": "Titre",
                                    "name": "title",
                                    "type": "text",
                                    "instructions": "",
                                    "required": 0,
                                    "conditional_logic": 0,
                                    "wrapper": {
                                        "width": "",
                                        "class": "",
                                        "id": ""
                                    },
                                    "default_value": "",
                                    "placeholder": "",
                                    "prepend": "",
                                    "append": "",
                                    "maxlength": ""
                                },
                                {
                                    "key": "field_5bd7695651486",
                                    "label": "Texte",
                                    "name": "text",
                                    "type": "wysiwyg",
                                    "instructions": "",
                                    "required": 0,
                                    "conditional_logic": 0,
                                    "wrapper": {
                                        "width": "",
                                        "class": "",
                                        "id": ""
                                    },
                                    "default_value": "",
                                    "tabs": "all",
                                    "toolbar": "full",
                                    "media_upload": 1,
                                    "delay": 0
                                },
                                {
                                    "key": "field_5ea8394284e86",
                                    "label": "Image",
                                    "name": "image",
                                    "type": "image",
                                    "instructions": "",
                                    "required": 0,
                                    "conditional_logic": 0,
                                    "wrapper": {
                                        "width": "",
                                        "class": "",
                                        "id": ""
                                    },
                                    "return_format": "array",
                                    "preview_size": "thumbnail",
                                    "library": "all",
                                    "min_width": "",
                                    "min_height": "",
                                    "min_size": "",
                                    "max_width": "",
                                    "max_height": "",
                                    "max_size": "",
                                    "mime_types": ""
                                }
                            ]
                        },
                        {
                            "key": "field_5b9bb37d214c0",
                            "label": "Titre",
                            "name": "title",
                            "type": "text",
                            "instructions": "",
                            "required": 0,
                            "conditional_logic": 0,
                            "wrapper": {
                                "width": "",
                                "class": "section__title",
                                "id": ""
                            },
                            "default_value": "",
                            "placeholder": "",
                            "prepend": "",
                            "append": "",
                            "maxlength": ""
                        }
                    ],
                    "min": "",
                    "max": ""
                },
                "layout_5ea839bb27bff": {
                    "key": "layout_5ea839bb27bff",
                    "name": "s_video",
                    "label": "Slider - Video",
                    "display": "row",
                    "sub_fields": [
                        {
                            "key": "field_5ea839e927c02",
                            "label": "Background",
                            "name": "background",
                            "type": "file",
                            "instructions": "",
                            "required": 0,
                            "conditional_logic": 0,
                            "wrapper": {
                                "width": "",
                                "class": "",
                                "id": ""
                            },
                            "return_format": "array",
                            "library": "all",
                            "min_size": "",
                            "max_size": "",
                            "mime_types": ""
                        },
                        {
                            "key": "field_5ea83ac727c03",
                            "label": "Slogans",
                            "name": "slogans",
                            "type": "repeater",
                            "instructions": "",
                            "required": 0,
                            "conditional_logic": 0,
                            "wrapper": {
                                "width": "",
                                "class": "",
                                "id": ""
                            },
                            "collapsed": "",
                            "min": 0,
                            "max": 4,
                            "layout": "table",
                            "button_label": "Ajouter un slogan",
                            "sub_fields": [
                                {
                                    "key": "field_5ea83ae327c04",
                                    "label": "",
                                    "name": "text",
                                    "type": "wysiwyg",
                                    "instructions": "",
                                    "required": 0,
                                    "conditional_logic": 0,
                                    "wrapper": {
                                        "width": "",
                                        "class": "",
                                        "id": ""
                                    },
                                    "default_value": "",
                                    "tabs": "all",
                                    "toolbar": "full",
                                    "media_upload": 1,
                                    "delay": 0
                                }
                            ]
                        }
                    ],
                    "min": "",
                    "max": ""
                },
                "layout_5ea83b2a8ab72": {
                    "key": "layout_5ea83b2a8ab72",
                    "name": "articles",
                    "label": "Articles",
                    "display": "block",
                    "sub_fields": [
                        {
                            "key": "field_5eb01a3c17f92",
                            "label": "Bouton",
                            "name": "bouton",
                            "type": "link",
                            "instructions": "",
                            "required": 0,
                            "conditional_logic": 0,
                            "wrapper": {
                                "width": "",
                                "class": "",
                                "id": ""
                            },
                            "return_format": "array"
                        },
                        {
                            "key": "field_5ea83c0b7e68a",
                            "label": "Titre",
                            "name": "tittle",
                            "type": "text",
                            "instructions": "",
                            "required": 0,
                            "conditional_logic": 0,
                            "wrapper": {
                                "width": "",
                                "class": "",
                                "id": ""
                            },
                            "default_value": "",
                            "placeholder": "",
                            "prepend": "",
                            "append": "",
                            "maxlength": ""
                        },
                        {
                            "key": "field_5ea83c1d7e68b",
                            "label": "Slogan",
                            "name": "slogan",
                            "type": "text",
                            "instructions": "",
                            "required": 0,
                            "conditional_logic": 0,
                            "wrapper": {
                                "width": "",
                                "class": "",
                                "id": ""
                            },
                            "default_value": "",
                            "placeholder": "",
                            "prepend": "",
                            "append": "",
                            "maxlength": ""
                        }
                    ],
                    "min": "",
                    "max": ""
                },
                "layout_5ea83c3d7e68c": {
                    "key": "layout_5ea83c3d7e68c",
                    "name": "newsletter",
                    "label": "Newsletter",
                    "display": "block",
                    "sub_fields": [
                        {
                            "key": "field_5ea83c637e68d",
                            "label": "Titre",
                            "name": "titre",
                            "type": "wysiwyg",
                            "instructions": "",
                            "required": 0,
                            "conditional_logic": 0,
                            "wrapper": {
                                "width": "",
                                "class": "",
                                "id": ""
                            },
                            "default_value": "",
                            "tabs": "all",
                            "toolbar": "full",
                            "media_upload": 1,
                            "delay": 0
                        },
                        {
                            "key": "field_5ea83c6e7e68e",
                            "label": "Label de l'input",
                            "name": "label_input",
                            "type": "text",
                            "instructions": "",
                            "required": 0,
                            "conditional_logic": 0,
                            "wrapper": {
                                "width": "",
                                "class": "",
                                "id": ""
                            },
                            "default_value": "",
                            "placeholder": "",
                            "prepend": "",
                            "append": "",
                            "maxlength": ""
                        },
                        {
                            "key": "field_5ea83c887e68f",
                            "label": "Email de réception",
                            "name": "email",
                            "type": "email",
                            "instructions": "",
                            "required": 0,
                            "conditional_logic": 0,
                            "wrapper": {
                                "width": "",
                                "class": "",
                                "id": ""
                            },
                            "default_value": "",
                            "placeholder": "",
                            "prepend": "",
                            "append": ""
                        }
                    ],
                    "min": "",
                    "max": ""
                },
                "layout_5ea851585fd94": {
                    "key": "layout_5ea851585fd94",
                    "name": "formations",
                    "label": "Formations",
                    "display": "block",
                    "sub_fields": [
                        {
                            "key": "field_5ea851735fd95",
                            "label": "Titre",
                            "name": "title",
                            "type": "text",
                            "instructions": "",
                            "required": 0,
                            "conditional_logic": 0,
                            "wrapper": {
                                "width": "",
                                "class": "",
                                "id": ""
                            },
                            "default_value": "",
                            "placeholder": "",
                            "prepend": "",
                            "append": "",
                            "maxlength": ""
                        },
                        {
                            "key": "field_5ea8518a6edac",
                            "label": "Slogan",
                            "name": "slogan",
                            "type": "text",
                            "instructions": "",
                            "required": 0,
                            "conditional_logic": 0,
                            "wrapper": {
                                "width": "",
                                "class": "",
                                "id": ""
                            },
                            "default_value": "",
                            "placeholder": "",
                            "prepend": "",
                            "append": "",
                            "maxlength": ""
                        },
                        {
                            "key": "field_5ea851926edad",
                            "label": "Catégorie",
                            "name": "category",
                            "type": "taxonomy",
                            "instructions": "",
                            "required": 0,
                            "conditional_logic": 0,
                            "wrapper": {
                                "width": "",
                                "class": "",
                                "id": ""
                            },
                            "taxonomy": "category",
                            "field_type": "select",
                            "allow_null": 0,
                            "add_term": 0,
                            "save_terms": 0,
                            "load_terms": 0,
                            "return_format": "id",
                            "multiple": 0
                        }
                    ],
                    "min": "",
                    "max": ""
                }
            },
            "button_label": "Ajouter une section",
            "min": "",
            "max": ""
        }
    ],
    "location": [
        [
            {
                "param": "page_template",
                "operator": "==",
                "value": "templates\/sections.php"
            }
        ]
    ],
    "menu_order": 0,
    "position": "normal",
    "style": "seamless",
    "label_placement": "top",
    "instruction_placement": "label",
    "hide_on_screen": [
        "revisions",
        "slug",
        "author",
        "featured_image"
    ],
    "active": 1,
    "description": "",
    "modified": 1588602750
}