{
    "key": "group_61cc7ad060d1d",
    "title": "Découvertes",
    "fields": [
        {
            "key": "field_61d19667e829b",
            "label": "Contact",
            "name": "",
            "type": "tab",
            "instructions": "",
            "required": 0,
            "conditional_logic": 0,
            "wrapper": {
                "width": "",
                "class": "",
                "id": ""
            },
            "acfe_permissions": "",
            "placement": "top",
            "endpoint": 0
        },
        {
            "key": "field_61cc7b5762ee7",
            "label": "Titre",
            "name": "dicovery_contact_title",
            "type": "text",
            "instructions": "",
            "required": 0,
            "conditional_logic": 0,
            "wrapper": {
                "width": "",
                "class": "",
                "id": ""
            },
            "acfe_permissions": "",
            "default_value": "",
            "placeholder": "",
            "prepend": "",
            "append": "",
            "maxlength": "",
            "acfe_settings": "",
            "acfe_validate": ""
        },
        {
            "key": "field_61cc7b6562ee8",
            "label": "Texte",
            "name": "dicovery_contact_text",
            "type": "wysiwyg",
            "instructions": "",
            "required": 0,
            "conditional_logic": 0,
            "wrapper": {
                "width": "",
                "class": "",
                "id": ""
            },
            "acfe_permissions": "",
            "default_value": "",
            "tabs": "all",
            "toolbar": "full",
            "media_upload": 1,
            "delay": 0,
            "acfe_settings": "",
            "acfe_validate": ""
        },
        {
            "key": "field_61cc7b3f62ee6",
            "label": "Formulaire",
            "name": "dicovery_contact_form",
            "type": "cf7",
            "instructions": "",
            "required": 0,
            "conditional_logic": 0,
            "wrapper": {
                "width": "",
                "class": "",
                "id": ""
            },
            "acfe_permissions": "",
            "allow_null": 0,
            "multiple": 0,
            "disable": "",
            "acfe_settings": "",
            "acfe_validate": ""
        },
        {
            "key": "field_61cc7b7462ee9",
            "label": "Image",
            "name": "discovery_contact_image",
            "type": "image",
            "instructions": "",
            "required": 0,
            "conditional_logic": 0,
            "wrapper": {
                "width": "",
                "class": "",
                "id": ""
            },
            "acfe_permissions": "",
            "uploader": "",
            "acfe_thumbnail": 0,
            "return_format": "array",
            "preview_size": "medium",
            "min_width": "",
            "min_height": "",
            "min_size": "",
            "max_width": "",
            "max_height": "",
            "max_size": "",
            "mime_types": "",
            "acfe_settings": "",
            "acfe_validate": "",
            "library": "all"
        },
        {
            "key": "field_61d19684b8ba1",
            "label": "Texte",
            "name": "",
            "type": "tab",
            "instructions": "",
            "required": 0,
            "conditional_logic": 0,
            "wrapper": {
                "width": "",
                "class": "",
                "id": ""
            },
            "acfe_permissions": "",
            "placement": "top",
            "endpoint": 0
        },
        {
            "key": "field_61d193ace0078",
            "label": "Image",
            "name": "dicovery_text_image",
            "type": "image",
            "instructions": "",
            "required": 0,
            "conditional_logic": 0,
            "wrapper": {
                "width": "",
                "class": "",
                "id": ""
            },
            "acfe_permissions": "",
            "uploader": "",
            "acfe_thumbnail": 0,
            "return_format": "array",
            "preview_size": "medium",
            "min_width": "",
            "min_height": "",
            "min_size": "",
            "max_width": "",
            "max_height": "",
            "max_size": "",
            "mime_types": "",
            "acfe_settings": "",
            "acfe_validate": "",
            "library": "all"
        },
        {
            "key": "field_61d193b7e0079",
            "label": "Texte",
            "name": "dicovery_text",
            "type": "wysiwyg",
            "instructions": "",
            "required": 0,
            "conditional_logic": 0,
            "wrapper": {
                "width": "",
                "class": "",
                "id": ""
            },
            "acfe_permissions": "",
            "default_value": "",
            "tabs": "all",
            "toolbar": "full",
            "media_upload": 1,
            "delay": 0,
            "acfe_settings": "",
            "acfe_validate": ""
        }
    ],
    "location": [
        [
            {
                "param": "page_template",
                "operator": "==",
                "value": "decouverte.php"
            }
        ]
    ],
    "menu_order": 0,
    "position": "normal",
    "style": "default",
    "label_placement": "left",
    "instruction_placement": "label",
    "hide_on_screen": [
        "the_content"
    ],
    "active": true,
    "description": "",
    "show_in_rest": 0,
    "acfe_display_title": "",
    "acfe_autosync": [
        "json"
    ],
    "acfe_permissions": "",
    "acfe_form": 1,
    "acfe_meta": "",
    "acfe_note": "",
    "modified": 1641126394,
    "acfe_categories": {
        "page": "Page"
    }
}