{
    "key": "group_61c33c5110b29",
    "title": "Newsletter",
    "fields": [
        {
            "key": "field_61c33c649a098",
            "label": "Image",
            "name": "newsletter_image",
            "type": "image",
            "instructions": "",
            "required": 0,
            "conditional_logic": 0,
            "wrapper": {
                "width": "",
                "class": "",
                "id": ""
            },
            "uploader": "",
            "acfe_thumbnail": 0,
            "return_format": "array",
            "preview_size": "medium",
            "min_width": "",
            "min_height": "",
            "min_size": "",
            "max_width": "",
            "max_height": "",
            "max_size": "",
            "mime_types": "",
            "library": "all"
        },
        {
            "key": "field_61c4797e97cb1",
            "label": "Titre",
            "name": "newsletter_title",
            "type": "text",
            "instructions": "",
            "required": 0,
            "conditional_logic": 0,
            "wrapper": {
                "width": "",
                "class": "",
                "id": ""
            },
            "default_value": "",
            "placeholder": "",
            "prepend": "",
            "append": "",
            "maxlength": ""
        },
        {
            "key": "field_61c33cc09a099",
            "label": "Texte",
            "name": "newsletter_text",
            "type": "wysiwyg",
            "instructions": "",
            "required": 0,
            "conditional_logic": 0,
            "wrapper": {
                "width": "",
                "class": "",
                "id": ""
            },
            "default_value": "",
            "tabs": "all",
            "toolbar": "full",
            "media_upload": 1,
            "delay": 0
        },
        {
            "key": "field_61c33cd89a09a",
            "label": "Formulaire",
            "name": "newsletter_form",
            "type": "cf7",
            "instructions": "",
            "required": 0,
            "conditional_logic": 0,
            "wrapper": {
                "width": "",
                "class": "",
                "id": ""
            },
            "allow_null": 0,
            "multiple": 0,
            "disable": ""
        }
    ],
    "location": [
        [
            {
                "param": "page_type",
                "operator": "==",
                "value": "posts_page"
            }
        ]
    ],
    "menu_order": 0,
    "position": "normal",
    "style": "default",
    "label_placement": "left",
    "instruction_placement": "label",
    "hide_on_screen": "",
    "active": true,
    "description": "",
    "show_in_rest": 0,
    "acfe_display_title": "",
    "acfe_autosync": [
        "json"
    ],
    "acfe_form": 0,
    "acfe_meta": "",
    "acfe_note": "",
    "modified": 1640266130
}