{
    "key": "group_5b9bafa10a548",
    "title": "Sections",
    "fields": [
        {
            "key": "field_5b9bafde734b5",
            "label": "Sections",
            "name": "sections",
            "type": "flexible_content",
            "instructions": "",
            "required": 0,
            "conditional_logic": 0,
            "wrapper": {
                "width": "",
                "class": "",
                "id": ""
            },
            "layouts": {
                "layout_61828ef32b3a9": {
                    "key": "layout_61828ef32b3a9",
                    "name": "home_list_items",
                    "label": "Accueil - Liste",
                    "display": "block",
                    "sub_fields": [
                        {
                            "key": "field_61828fe62b3aa",
                            "label": "Titre",
                            "name": "title",
                            "type": "text",
                            "instructions": "",
                            "required": 1,
                            "conditional_logic": 0,
                            "wrapper": {
                                "width": "",
                                "class": "",
                                "id": ""
                            },
                            "default_value": "",
                            "placeholder": "",
                            "prepend": "",
                            "append": "",
                            "maxlength": ""
                        },
                        {
                            "key": "field_6182900a2b3ab",
                            "label": "Texte",
                            "name": "txt",
                            "type": "wysiwyg",
                            "instructions": "",
                            "required": 0,
                            "conditional_logic": 0,
                            "wrapper": {
                                "width": "",
                                "class": "",
                                "id": ""
                            },
                            "default_value": "",
                            "tabs": "all",
                            "toolbar": "basic",
                            "media_upload": 0,
                            "delay": 0
                        },
                        {
                            "key": "field_618290432b3ac",
                            "label": "Liste",
                            "name": "list_items",
                            "type": "repeater",
                            "instructions": "",
                            "required": 0,
                            "conditional_logic": 0,
                            "wrapper": {
                                "width": "",
                                "class": "",
                                "id": ""
                            },
                            "collapsed": "",
                            "min": 0,
                            "max": 6,
                            "layout": "table",
                            "button_label": "",
                            "sub_fields": [
                                {
                                    "key": "field_618290992b3ad",
                                    "label": "Image",
                                    "name": "img",
                                    "type": "image",
                                    "instructions": "",
                                    "required": 0,
                                    "conditional_logic": 0,
                                    "wrapper": {
                                        "width": "",
                                        "class": "",
                                        "id": ""
                                    },
                                    "return_format": "array",
                                    "preview_size": "thumbnail",
                                    "library": "all",
                                    "min_width": "",
                                    "min_height": "",
                                    "min_size": "",
                                    "max_width": "",
                                    "max_height": "",
                                    "max_size": "",
                                    "mime_types": ""
                                },
                                {
                                    "key": "field_618290af2b3ae",
                                    "label": "Texte",
                                    "name": "txt",
                                    "type": "textarea",
                                    "instructions": "",
                                    "required": 0,
                                    "conditional_logic": 0,
                                    "wrapper": {
                                        "width": "",
                                        "class": "",
                                        "id": ""
                                    },
                                    "default_value": "",
                                    "placeholder": "",
                                    "maxlength": "",
                                    "rows": "",
                                    "new_lines": ""
                                }
                            ]
                        },
                        {
                            "key": "field_618290d42b3af",
                            "label": "Texte",
                            "name": "txt_2",
                            "type": "wysiwyg",
                            "instructions": "",
                            "required": 0,
                            "conditional_logic": 0,
                            "wrapper": {
                                "width": "",
                                "class": "",
                                "id": ""
                            },
                            "default_value": "",
                            "tabs": "all",
                            "toolbar": "basic",
                            "media_upload": 0,
                            "delay": 0
                        }
                    ],
                    "min": "",
                    "max": ""
                },
                "layout_618291362b3b2": {
                    "key": "layout_618291362b3b2",
                    "name": "home_list_items_images",
                    "label": "Accueil - Liste - Images",
                    "display": "block",
                    "sub_fields": [
                        {
                            "key": "field_61852edbf23ed",
                            "label": "Titre",
                            "name": "title",
                            "type": "text",
                            "instructions": "",
                            "required": 0,
                            "conditional_logic": 0,
                            "wrapper": {
                                "width": "",
                                "class": "",
                                "id": ""
                            },
                            "default_value": "",
                            "placeholder": "",
                            "prepend": "",
                            "append": "",
                            "maxlength": ""
                        },
                        {
                            "key": "field_618291862b3b3",
                            "label": "",
                            "name": "list_items",
                            "type": "repeater",
                            "instructions": "",
                            "required": 0,
                            "conditional_logic": 0,
                            "wrapper": {
                                "width": "",
                                "class": "",
                                "id": ""
                            },
                            "collapsed": "",
                            "min": 0,
                            "max": 0,
                            "layout": "table",
                            "button_label": "",
                            "sub_fields": [
                                {
                                    "key": "field_6182919b2b3b4",
                                    "label": "Image",
                                    "name": "img",
                                    "type": "image",
                                    "instructions": "",
                                    "required": 0,
                                    "conditional_logic": 0,
                                    "wrapper": {
                                        "width": "",
                                        "class": "",
                                        "id": ""
                                    },
                                    "return_format": "array",
                                    "preview_size": "thumbnail",
                                    "library": "all",
                                    "min_width": "",
                                    "min_height": "",
                                    "min_size": "",
                                    "max_width": "",
                                    "max_height": "",
                                    "max_size": "",
                                    "mime_types": ""
                                },
                                {
                                    "key": "field_618291a92b3b5",
                                    "label": "Texte",
                                    "name": "txt",
                                    "type": "text",
                                    "instructions": "",
                                    "required": 0,
                                    "conditional_logic": 0,
                                    "wrapper": {
                                        "width": "",
                                        "class": "",
                                        "id": ""
                                    },
                                    "default_value": "",
                                    "placeholder": "",
                                    "prepend": "",
                                    "append": "",
                                    "maxlength": ""
                                }
                            ]
                        }
                    ],
                    "min": "",
                    "max": ""
                },
                "layout_61829654aa8e8": {
                    "key": "layout_61829654aa8e8",
                    "name": "concept_formations",
                    "label": "Concept - Cercles de formations",
                    "display": "block",
                    "sub_fields": [
                        {
                            "key": "field_61829681aa8e9",
                            "label": "Titre",
                            "name": "title",
                            "type": "text",
                            "instructions": "",
                            "required": 0,
                            "conditional_logic": 0,
                            "wrapper": {
                                "width": "",
                                "class": "",
                                "id": ""
                            },
                            "default_value": "",
                            "placeholder": "",
                            "prepend": "",
                            "append": "",
                            "maxlength": ""
                        }
                    ],
                    "min": "",
                    "max": ""
                },
                "layout_61829794aa8eb": {
                    "key": "layout_61829794aa8eb",
                    "name": "concept_formations_details",
                    "label": "Concept - Details des formations",
                    "display": "block",
                    "sub_fields": [
                        {
                            "key": "field_61829864aa8ec",
                            "label": "Titre",
                            "name": "title",
                            "type": "text",
                            "instructions": "",
                            "required": 0,
                            "conditional_logic": 0,
                            "wrapper": {
                                "width": "",
                                "class": "",
                                "id": ""
                            },
                            "default_value": "",
                            "placeholder": "",
                            "prepend": "",
                            "append": "",
                            "maxlength": ""
                        },
                        {
                            "key": "field_6182987aaa8ed",
                            "label": "",
                            "name": "list_items",
                            "type": "repeater",
                            "instructions": "",
                            "required": 0,
                            "conditional_logic": 0,
                            "wrapper": {
                                "width": "",
                                "class": "",
                                "id": ""
                            },
                            "collapsed": "",
                            "min": 0,
                            "max": 0,
                            "layout": "table",
                            "button_label": "",
                            "sub_fields": [
                                {
                                    "key": "field_618298c0aa8ef",
                                    "label": "Image",
                                    "name": "img",
                                    "type": "image",
                                    "instructions": "",
                                    "required": 0,
                                    "conditional_logic": 0,
                                    "wrapper": {
                                        "width": "",
                                        "class": "",
                                        "id": ""
                                    },
                                    "return_format": "array",
                                    "preview_size": "thumbnail",
                                    "library": "all",
                                    "min_width": "",
                                    "min_height": "",
                                    "min_size": "",
                                    "max_width": "",
                                    "max_height": "",
                                    "max_size": "",
                                    "mime_types": ""
                                },
                                {
                                    "key": "field_618298a2aa8ee",
                                    "label": "Texte",
                                    "name": "txt",
                                    "type": "wysiwyg",
                                    "instructions": "",
                                    "required": 0,
                                    "conditional_logic": 0,
                                    "wrapper": {
                                        "width": "",
                                        "class": "",
                                        "id": ""
                                    },
                                    "default_value": "",
                                    "tabs": "all",
                                    "toolbar": "full",
                                    "media_upload": 1,
                                    "delay": 0
                                }
                            ]
                        }
                    ],
                    "min": "",
                    "max": ""
                },
                "layout_61829c79aa8f0": {
                    "key": "layout_61829c79aa8f0",
                    "name": "programmes_formations",
                    "label": "Programmes - Formations",
                    "display": "block",
                    "sub_fields": [
                        {
                            "key": "field_61829c94aa8f1",
                            "label": "Titre",
                            "name": "title",
                            "type": "text",
                            "instructions": "",
                            "required": 0,
                            "conditional_logic": 0,
                            "wrapper": {
                                "width": "",
                                "class": "",
                                "id": ""
                            },
                            "default_value": "",
                            "placeholder": "",
                            "prepend": "",
                            "append": "",
                            "maxlength": ""
                        },
                        {
                            "key": "field_61829cd8aa8f2",
                            "label": "",
                            "name": "list_items",
                            "type": "repeater",
                            "instructions": "",
                            "required": 0,
                            "conditional_logic": 0,
                            "wrapper": {
                                "width": "",
                                "class": "",
                                "id": ""
                            },
                            "collapsed": "",
                            "min": 0,
                            "max": 0,
                            "layout": "table",
                            "button_label": "",
                            "sub_fields": [
                                {
                                    "key": "field_61829ce6aa8f3",
                                    "label": "Image",
                                    "name": "img",
                                    "type": "image",
                                    "instructions": "",
                                    "required": 0,
                                    "conditional_logic": 0,
                                    "wrapper": {
                                        "width": "",
                                        "class": "",
                                        "id": ""
                                    },
                                    "return_format": "array",
                                    "preview_size": "thumbnail",
                                    "library": "all",
                                    "min_width": "",
                                    "min_height": "",
                                    "min_size": "",
                                    "max_width": "",
                                    "max_height": "",
                                    "max_size": "",
                                    "mime_types": ""
                                },
                                {
                                    "key": "field_61829cf5aa8f4",
                                    "label": "Texte",
                                    "name": "txt",
                                    "type": "textarea",
                                    "instructions": "",
                                    "required": 0,
                                    "conditional_logic": 0,
                                    "wrapper": {
                                        "width": "",
                                        "class": "",
                                        "id": ""
                                    },
                                    "default_value": "",
                                    "placeholder": "",
                                    "maxlength": "",
                                    "rows": "",
                                    "new_lines": ""
                                },
                                {
                                    "key": "field_61829d1baa8f5",
                                    "label": "Fichier",
                                    "name": "file",
                                    "type": "file",
                                    "instructions": "",
                                    "required": 0,
                                    "conditional_logic": 0,
                                    "wrapper": {
                                        "width": "",
                                        "class": "",
                                        "id": ""
                                    },
                                    "return_format": "array",
                                    "library": "all",
                                    "min_size": "",
                                    "max_size": "",
                                    "mime_types": ""
                                }
                            ]
                        }
                    ],
                    "min": "",
                    "max": ""
                },
                "layout_61829dafaa8f6": {
                    "key": "layout_61829dafaa8f6",
                    "name": "programmes_formation_modules",
                    "label": "Programmes - Modules de formation",
                    "display": "block",
                    "sub_fields": [
                        {
                            "key": "field_61829e00aa8f7",
                            "label": "Titre",
                            "name": "title",
                            "type": "text",
                            "instructions": "",
                            "required": 0,
                            "conditional_logic": 0,
                            "wrapper": {
                                "width": "",
                                "class": "",
                                "id": ""
                            },
                            "default_value": "",
                            "placeholder": "",
                            "prepend": "",
                            "append": "",
                            "maxlength": ""
                        },
                        {
                            "key": "field_61829e0daa8f8",
                            "label": "",
                            "name": "list_items",
                            "type": "repeater",
                            "instructions": "",
                            "required": 0,
                            "conditional_logic": 0,
                            "wrapper": {
                                "width": "",
                                "class": "",
                                "id": ""
                            },
                            "collapsed": "",
                            "min": 0,
                            "max": 0,
                            "layout": "table",
                            "button_label": "",
                            "sub_fields": [
                                {
                                    "key": "field_61829e31aa8f9",
                                    "label": "Image",
                                    "name": "img",
                                    "type": "image",
                                    "instructions": "",
                                    "required": 0,
                                    "conditional_logic": 0,
                                    "wrapper": {
                                        "width": "",
                                        "class": "",
                                        "id": ""
                                    },
                                    "return_format": "array",
                                    "preview_size": "thumbnail",
                                    "library": "all",
                                    "min_width": "",
                                    "min_height": "",
                                    "min_size": "",
                                    "max_width": "",
                                    "max_height": "",
                                    "max_size": "",
                                    "mime_types": ""
                                },
                                {
                                    "key": "field_61829e44aa8fa",
                                    "label": "Texte",
                                    "name": "txt",
                                    "type": "textarea",
                                    "instructions": "",
                                    "required": 0,
                                    "conditional_logic": 0,
                                    "wrapper": {
                                        "width": "",
                                        "class": "",
                                        "id": ""
                                    },
                                    "default_value": "",
                                    "placeholder": "",
                                    "maxlength": "",
                                    "rows": "",
                                    "new_lines": ""
                                }
                            ]
                        },
                        {
                            "key": "field_61829e89aa8fb",
                            "label": "Lien",
                            "name": "link",
                            "type": "link",
                            "instructions": "",
                            "required": 0,
                            "conditional_logic": 0,
                            "wrapper": {
                                "width": "",
                                "class": "",
                                "id": ""
                            },
                            "return_format": "array"
                        }
                    ],
                    "min": "",
                    "max": ""
                },
                "layout_61829f07aa8fc": {
                    "key": "layout_61829f07aa8fc",
                    "name": "programmes_chiffres",
                    "label": "Programmes - Chiffres",
                    "display": "block",
                    "sub_fields": [
                        {
                            "key": "field_61829f49aa8fd",
                            "label": "Titre",
                            "name": "title",
                            "type": "text",
                            "instructions": "",
                            "required": 0,
                            "conditional_logic": 0,
                            "wrapper": {
                                "width": "",
                                "class": "",
                                "id": ""
                            },
                            "default_value": "",
                            "placeholder": "",
                            "prepend": "",
                            "append": "",
                            "maxlength": ""
                        },
                        {
                            "key": "field_61829fd9aa8fe",
                            "label": "",
                            "name": "sections",
                            "type": "repeater",
                            "instructions": "",
                            "required": 0,
                            "conditional_logic": 0,
                            "wrapper": {
                                "width": "",
                                "class": "",
                                "id": ""
                            },
                            "collapsed": "",
                            "min": 0,
                            "max": 0,
                            "layout": "row",
                            "button_label": "",
                            "sub_fields": [
                                {
                                    "key": "field_6182a012aa8ff",
                                    "label": "Titre",
                                    "name": "title",
                                    "type": "text",
                                    "instructions": "",
                                    "required": 0,
                                    "conditional_logic": 0,
                                    "wrapper": {
                                        "width": "",
                                        "class": "",
                                        "id": ""
                                    },
                                    "default_value": "",
                                    "placeholder": "",
                                    "prepend": "",
                                    "append": "",
                                    "maxlength": ""
                                },
                                {
                                    "key": "field_6182a023aa900",
                                    "label": "Texte",
                                    "name": "txt",
                                    "type": "text",
                                    "instructions": "",
                                    "required": 0,
                                    "conditional_logic": 0,
                                    "wrapper": {
                                        "width": "",
                                        "class": "",
                                        "id": ""
                                    },
                                    "default_value": "",
                                    "placeholder": "",
                                    "prepend": "",
                                    "append": "",
                                    "maxlength": ""
                                },
                                {
                                    "key": "field_6182a072aa901",
                                    "label": "",
                                    "name": "list_items",
                                    "type": "repeater",
                                    "instructions": "",
                                    "required": 0,
                                    "conditional_logic": 0,
                                    "wrapper": {
                                        "width": "",
                                        "class": "",
                                        "id": ""
                                    },
                                    "collapsed": "",
                                    "min": 0,
                                    "max": 0,
                                    "layout": "table",
                                    "button_label": "",
                                    "sub_fields": [
                                        {
                                            "key": "field_6182a085aa902",
                                            "label": "Chiffre",
                                            "name": "number",
                                            "type": "text",
                                            "instructions": "",
                                            "required": 0,
                                            "conditional_logic": 0,
                                            "wrapper": {
                                                "width": "",
                                                "class": "",
                                                "id": ""
                                            },
                                            "default_value": "",
                                            "placeholder": "",
                                            "prepend": "",
                                            "append": "",
                                            "maxlength": ""
                                        },
                                        {
                                            "key": "field_6182a09baa903",
                                            "label": "Texte",
                                            "name": "txt",
                                            "type": "textarea",
                                            "instructions": "",
                                            "required": 0,
                                            "conditional_logic": 0,
                                            "wrapper": {
                                                "width": "",
                                                "class": "",
                                                "id": ""
                                            },
                                            "default_value": "",
                                            "placeholder": "",
                                            "maxlength": "",
                                            "rows": "",
                                            "new_lines": ""
                                        }
                                    ]
                                }
                            ]
                        }
                    ],
                    "min": "",
                    "max": ""
                },
                "layout_6182a1a1aa908": {
                    "key": "layout_6182a1a1aa908",
                    "name": "programmes_tarif",
                    "label": "Programmes - Tarif",
                    "display": "block",
                    "sub_fields": [
                        {
                            "key": "field_6182a1d7aa909",
                            "label": "",
                            "name": "list_items",
                            "type": "repeater",
                            "instructions": "",
                            "required": 0,
                            "conditional_logic": 0,
                            "wrapper": {
                                "width": "",
                                "class": "",
                                "id": ""
                            },
                            "collapsed": "",
                            "min": 0,
                            "max": 0,
                            "layout": "table",
                            "button_label": "",
                            "sub_fields": [
                                {
                                    "key": "field_6182a1f1aa90a",
                                    "label": "Titre",
                                    "name": "title",
                                    "type": "text",
                                    "instructions": "",
                                    "required": 0,
                                    "conditional_logic": 0,
                                    "wrapper": {
                                        "width": "",
                                        "class": "",
                                        "id": ""
                                    },
                                    "default_value": "",
                                    "placeholder": "",
                                    "prepend": "",
                                    "append": "",
                                    "maxlength": ""
                                },
                                {
                                    "key": "field_6182a200aa90b",
                                    "label": "Prix",
                                    "name": "Price",
                                    "type": "text",
                                    "instructions": "",
                                    "required": 0,
                                    "conditional_logic": 0,
                                    "wrapper": {
                                        "width": "",
                                        "class": "",
                                        "id": ""
                                    },
                                    "default_value": "",
                                    "placeholder": "",
                                    "prepend": "",
                                    "append": "",
                                    "maxlength": ""
                                },
                                {
                                    "key": "field_6182a20aaa90c",
                                    "label": "Texte",
                                    "name": "txt",
                                    "type": "textarea",
                                    "instructions": "",
                                    "required": 0,
                                    "conditional_logic": 0,
                                    "wrapper": {
                                        "width": "",
                                        "class": "",
                                        "id": ""
                                    },
                                    "default_value": "",
                                    "placeholder": "",
                                    "maxlength": "",
                                    "rows": "",
                                    "new_lines": ""
                                }
                            ]
                        },
                        {
                            "key": "field_6182a21baa90d",
                            "label": "Liens",
                            "name": "link",
                            "type": "link",
                            "instructions": "",
                            "required": 0,
                            "conditional_logic": 0,
                            "wrapper": {
                                "width": "",
                                "class": "",
                                "id": ""
                            },
                            "return_format": "array"
                        }
                    ],
                    "min": "",
                    "max": ""
                },
                "layout_6182a2f5aa90e": {
                    "key": "layout_6182a2f5aa90e",
                    "name": "team",
                    "label": "Équipe",
                    "display": "block",
                    "sub_fields": [
                        {
                            "key": "field_6182a2f5aa90f",
                            "label": "Title",
                            "name": "title",
                            "type": "text",
                            "instructions": "",
                            "required": 0,
                            "conditional_logic": 0,
                            "wrapper": {
                                "width": "",
                                "class": "",
                                "id": ""
                            },
                            "default_value": "",
                            "placeholder": "",
                            "prepend": "",
                            "append": "",
                            "maxlength": ""
                        },
                        {
                            "key": "field_6182a2f5aa910",
                            "label": "Slogan",
                            "name": "slogan",
                            "type": "text",
                            "instructions": "Le titre affiché dans la section",
                            "required": 0,
                            "conditional_logic": 0,
                            "wrapper": {
                                "width": "",
                                "class": "",
                                "id": ""
                            },
                            "default_value": "",
                            "placeholder": "",
                            "prepend": "",
                            "append": "",
                            "maxlength": ""
                        }
                    ],
                    "min": "",
                    "max": "1"
                },
                "layout_5ba4af1886493": {
                    "key": "layout_5ba4af1886493",
                    "name": "team_formateurs",
                    "label": "Équipe - Formateurs",
                    "display": "block",
                    "sub_fields": [
                        {
                            "key": "field_5ea8355a84e77",
                            "label": "Title",
                            "name": "title",
                            "type": "text",
                            "instructions": "",
                            "required": 0,
                            "conditional_logic": 0,
                            "wrapper": {
                                "width": "",
                                "class": "",
                                "id": ""
                            },
                            "default_value": "",
                            "placeholder": "",
                            "prepend": "",
                            "append": "",
                            "maxlength": ""
                        },
                        {
                            "key": "field_5ba61d2b70c62",
                            "label": "Slogan",
                            "name": "slogan",
                            "type": "text",
                            "instructions": "Le titre affiché dans la section",
                            "required": 0,
                            "conditional_logic": 0,
                            "wrapper": {
                                "width": "",
                                "class": "",
                                "id": ""
                            },
                            "default_value": "",
                            "placeholder": "",
                            "prepend": "",
                            "append": "",
                            "maxlength": ""
                        }
                    ],
                    "min": "",
                    "max": "1"
                },
                "layout_6182a0ebaa904": {
                    "key": "layout_6182a0ebaa904",
                    "name": "content",
                    "label": "Contenu",
                    "display": "block",
                    "sub_fields": [
                        {
                            "key": "field_6182a0f1aa905",
                            "label": "Titre",
                            "name": "title",
                            "type": "text",
                            "instructions": "",
                            "required": 0,
                            "conditional_logic": 0,
                            "wrapper": {
                                "width": "",
                                "class": "",
                                "id": ""
                            },
                            "default_value": "",
                            "placeholder": "",
                            "prepend": "",
                            "append": "",
                            "maxlength": ""
                        },
                        {
                            "key": "field_6182a104aa906",
                            "label": "Texte",
                            "name": "txt",
                            "type": "wysiwyg",
                            "instructions": "",
                            "required": 0,
                            "conditional_logic": 0,
                            "wrapper": {
                                "width": "",
                                "class": "",
                                "id": ""
                            },
                            "default_value": "",
                            "tabs": "all",
                            "toolbar": "full",
                            "media_upload": 1,
                            "delay": 0
                        },
                        {
                            "key": "field_6182a117aa907",
                            "label": "Image",
                            "name": "img",
                            "type": "image",
                            "instructions": "",
                            "required": 0,
                            "conditional_logic": 0,
                            "wrapper": {
                                "width": "",
                                "class": "",
                                "id": ""
                            },
                            "return_format": "array",
                            "preview_size": "thumbnail",
                            "library": "all",
                            "min_width": "",
                            "min_height": "",
                            "min_size": "",
                            "max_width": "",
                            "max_height": "",
                            "max_size": "",
                            "mime_types": ""
                        }
                    ],
                    "min": "",
                    "max": ""
                },
                "5b9bb1c928ace": {
                    "key": "5b9bb1c928ace",
                    "name": "text",
                    "label": "Texte",
                    "display": "block",
                    "sub_fields": [
                        {
                            "key": "field_5b9bb1e1734b7",
                            "label": "Titre",
                            "name": "title",
                            "type": "text",
                            "instructions": "",
                            "required": 0,
                            "conditional_logic": 0,
                            "wrapper": {
                                "width": "",
                                "class": "title",
                                "id": ""
                            },
                            "default_value": "",
                            "placeholder": "",
                            "prepend": "",
                            "append": "",
                            "maxlength": ""
                        },
                        {
                            "key": "field_5b9bb20c734b8",
                            "label": "Texte",
                            "name": "text",
                            "type": "wysiwyg",
                            "instructions": "",
                            "required": 0,
                            "conditional_logic": 0,
                            "wrapper": {
                                "width": "",
                                "class": "",
                                "id": ""
                            },
                            "default_value": "",
                            "tabs": "all",
                            "toolbar": "basic",
                            "media_upload": 1,
                            "delay": 0
                        },
                        {
                            "key": "field_5eeb51aa7a5dc",
                            "label": "Certifications",
                            "name": "certifications",
                            "type": "gallery",
                            "instructions": "",
                            "required": 0,
                            "conditional_logic": 0,
                            "wrapper": {
                                "width": "",
                                "class": "",
                                "id": ""
                            },
                            "min": "",
                            "max": "",
                            "insert": "prepend",
                            "library": "all",
                            "min_width": "",
                            "min_height": "",
                            "min_size": "",
                            "max_width": "",
                            "max_height": "",
                            "max_size": "",
                            "mime_types": ""
                        },
                        {
                            "key": "field_5eeb55527a5dd",
                            "label": "Second texte",
                            "name": "second_text",
                            "type": "wysiwyg",
                            "instructions": "",
                            "required": 0,
                            "conditional_logic": 0,
                            "wrapper": {
                                "width": "",
                                "class": "",
                                "id": ""
                            },
                            "default_value": "",
                            "tabs": "all",
                            "toolbar": "full",
                            "media_upload": 1,
                            "delay": 0
                        }
                    ],
                    "min": "",
                    "max": ""
                },
                "layout_5b9bb37d734bf": {
                    "key": "layout_5b9bb37d734bf",
                    "name": "cta",
                    "label": "CTA",
                    "display": "block",
                    "sub_fields": [
                        {
                            "key": "field_5b9bb37d734c0",
                            "label": "Titre",
                            "name": "title",
                            "type": "text",
                            "instructions": "",
                            "required": 0,
                            "conditional_logic": 0,
                            "wrapper": {
                                "width": "",
                                "class": "section__title",
                                "id": ""
                            },
                            "default_value": "",
                            "placeholder": "",
                            "prepend": "",
                            "append": "",
                            "maxlength": ""
                        },
                        {
                            "key": "field_5b9bb37d734c1",
                            "label": "Texte",
                            "name": "text",
                            "type": "wysiwyg",
                            "instructions": "",
                            "required": 0,
                            "conditional_logic": 0,
                            "wrapper": {
                                "width": "",
                                "class": "",
                                "id": ""
                            },
                            "default_value": "",
                            "tabs": "all",
                            "toolbar": "full",
                            "media_upload": 1,
                            "delay": 0
                        },
                        {
                            "key": "field_5b9bb3d9734c3",
                            "label": "Bouton",
                            "name": "button",
                            "type": "link",
                            "instructions": "",
                            "required": 0,
                            "conditional_logic": 0,
                            "wrapper": {
                                "width": "",
                                "class": "",
                                "id": ""
                            },
                            "return_format": "array"
                        },
                        {
                            "key": "field_5ba612cd36489",
                            "label": "Image",
                            "name": "image",
                            "type": "image",
                            "instructions": "",
                            "required": 0,
                            "conditional_logic": [
                                [
                                    {
                                        "field": "field_5b9bb37d564c3",
                                        "operator": "==",
                                        "value": "Image"
                                    }
                                ]
                            ],
                            "wrapper": {
                                "width": "",
                                "class": "",
                                "id": ""
                            },
                            "return_format": "array",
                            "preview_size": "thumbnail",
                            "library": "all",
                            "min_width": "",
                            "min_height": "",
                            "min_size": "",
                            "max_width": "",
                            "max_height": "",
                            "max_size": "",
                            "mime_types": ""
                        },
                        {
                            "key": "field_61829726aa8ea",
                            "label": "Couleur de fond",
                            "name": "background_color",
                            "type": "checkbox",
                            "instructions": "",
                            "required": 0,
                            "conditional_logic": 0,
                            "wrapper": {
                                "width": "",
                                "class": "",
                                "id": ""
                            },
                            "choices": {
                                "jaune": "Jaune",
                                "rouge": "Rouge",
                                "bleu": "Bleu"
                            },
                            "allow_custom": 0,
                            "default_value": [],
                            "layout": "vertical",
                            "toggle": 0,
                            "return_format": "value",
                            "save_custom": 0
                        }
                    ],
                    "min": "",
                    "max": ""
                },
                "layout_5ba630a0a7bfc": {
                    "key": "layout_5ba630a0a7bfc",
                    "name": "testimonials",
                    "label": "Témoignages",
                    "display": "block",
                    "sub_fields": [
                        {
                            "key": "field_5ba630a0a7bfd",
                            "label": "Titre",
                            "name": "title",
                            "type": "text",
                            "instructions": "Le titre affiché dans la section",
                            "required": 0,
                            "conditional_logic": 0,
                            "wrapper": {
                                "width": "",
                                "class": "",
                                "id": ""
                            },
                            "default_value": "",
                            "placeholder": "",
                            "prepend": "",
                            "append": "",
                            "maxlength": ""
                        },
                        {
                            "key": "field_5ea8360484e78",
                            "label": "Slogan",
                            "name": "slogan",
                            "type": "text",
                            "instructions": "",
                            "required": 0,
                            "conditional_logic": 0,
                            "wrapper": {
                                "width": "",
                                "class": "",
                                "id": ""
                            },
                            "default_value": "",
                            "placeholder": "",
                            "prepend": "",
                            "append": "",
                            "maxlength": ""
                        }
                    ],
                    "min": "",
                    "max": "1"
                },
                "layout_5ba6725ceb0fa": {
                    "key": "layout_5ba6725ceb0fa",
                    "name": "s-images",
                    "label": "List - Images",
                    "display": "block",
                    "sub_fields": [
                        {
                            "key": "field_5ba68b9426093",
                            "label": "Titre",
                            "name": "title",
                            "type": "text",
                            "instructions": "",
                            "required": 0,
                            "conditional_logic": 0,
                            "wrapper": {
                                "width": "",
                                "class": "",
                                "id": ""
                            },
                            "default_value": "",
                            "placeholder": "",
                            "prepend": "",
                            "append": "",
                            "maxlength": ""
                        },
                        {
                            "key": "field_5ba68a858e163",
                            "label": "",
                            "name": "logo_list",
                            "type": "gallery",
                            "instructions": "",
                            "required": 0,
                            "conditional_logic": 0,
                            "wrapper": {
                                "width": "",
                                "class": "",
                                "id": ""
                            },
                            "min": "",
                            "max": "",
                            "insert": "append",
                            "library": "all",
                            "min_width": "",
                            "min_height": "",
                            "min_size": "",
                            "max_width": "",
                            "max_height": "",
                            "max_size": "",
                            "mime_types": "",
                            "return_format": "array",
                            "preview_size": "medium"
                        }
                    ],
                    "min": "",
                    "max": ""
                },
                "layout_61b8d56de3470": {
                    "key": "layout_61b8d56de3470",
                    "name": "sl-images",
                    "label": "Slider - Images ",
                    "display": "block",
                    "sub_fields": [
                        {
                            "key": "field_61b8d56de3471",
                            "label": "Titre",
                            "name": "title",
                            "type": "text",
                            "instructions": "",
                            "required": 0,
                            "conditional_logic": 0,
                            "wrapper": {
                                "width": "",
                                "class": "",
                                "id": ""
                            },
                            "default_value": "",
                            "placeholder": "",
                            "prepend": "",
                            "append": "",
                            "maxlength": ""
                        },
                        {
                            "key": "field_61b8d56de3472",
                            "label": "",
                            "name": "logo_list",
                            "type": "gallery",
                            "instructions": "",
                            "required": 0,
                            "conditional_logic": 0,
                            "wrapper": {
                                "width": "",
                                "class": "",
                                "id": ""
                            },
                            "return_format": "array",
                            "preview_size": "medium",
                            "insert": "append",
                            "library": "all",
                            "min": "",
                            "max": "",
                            "min_width": "",
                            "min_height": "",
                            "min_size": "",
                            "max_width": "",
                            "max_height": "",
                            "max_size": "",
                            "mime_types": ""
                        }
                    ],
                    "min": "",
                    "max": ""
                },
                "layout_5ba672c4eb0fd": {
                    "key": "layout_5ba672c4eb0fd",
                    "name": "s-formations",
                    "label": "Slider - Nos formations",
                    "display": "block",
                    "sub_fields": [
                        {
                            "key": "field_5ea836db84e7a",
                            "label": "Label du bouton",
                            "name": "button",
                            "type": "link",
                            "instructions": "",
                            "required": 0,
                            "conditional_logic": 0,
                            "wrapper": {
                                "width": "",
                                "class": "",
                                "id": ""
                            },
                            "return_format": "array"
                        },
                        {
                            "key": "field_5ea836bd84e79",
                            "label": "Slogan",
                            "name": "slogan",
                            "type": "text",
                            "instructions": "",
                            "required": 0,
                            "conditional_logic": 0,
                            "wrapper": {
                                "width": "",
                                "class": "",
                                "id": ""
                            },
                            "default_value": "",
                            "placeholder": "",
                            "prepend": "",
                            "append": "",
                            "maxlength": ""
                        },
                        {
                            "key": "field_5ba68c56d1ddf",
                            "label": "Titre",
                            "name": "title",
                            "type": "text",
                            "instructions": "",
                            "required": 0,
                            "conditional_logic": 0,
                            "wrapper": {
                                "width": "",
                                "class": "",
                                "id": ""
                            },
                            "default_value": "",
                            "placeholder": "",
                            "prepend": "",
                            "append": "",
                            "maxlength": ""
                        }
                    ],
                    "min": "",
                    "max": ""
                },
                "layout_5ea8373d84e7b": {
                    "key": "layout_5ea8373d84e7b",
                    "name": "slider",
                    "label": "Slider",
                    "display": "block",
                    "sub_fields": [
                        {
                            "key": "field_5ea8373d84e7c",
                            "label": "Titre",
                            "name": "title",
                            "type": "text",
                            "instructions": "",
                            "required": 0,
                            "conditional_logic": 0,
                            "wrapper": {
                                "width": "",
                                "class": "",
                                "id": ""
                            },
                            "default_value": "",
                            "placeholder": "",
                            "prepend": "",
                            "append": "",
                            "maxlength": ""
                        },
                        {
                            "key": "field_5ea8373d84e7d",
                            "label": "Slogan",
                            "name": "slogan",
                            "type": "text",
                            "instructions": "",
                            "required": 0,
                            "conditional_logic": 0,
                            "wrapper": {
                                "width": "",
                                "class": "",
                                "id": ""
                            },
                            "default_value": "",
                            "placeholder": "",
                            "prepend": "",
                            "append": "",
                            "maxlength": ""
                        },
                        {
                            "key": "field_5ea8373d84e7e",
                            "label": "Boutton",
                            "name": "button",
                            "type": "link",
                            "instructions": "",
                            "required": 0,
                            "conditional_logic": 0,
                            "wrapper": {
                                "width": "",
                                "class": "",
                                "id": ""
                            },
                            "return_format": "array"
                        },
                        {
                            "key": "field_5ea8382b84e7f",
                            "label": "Items",
                            "name": "items",
                            "type": "repeater",
                            "instructions": "",
                            "required": 0,
                            "conditional_logic": 0,
                            "wrapper": {
                                "width": "",
                                "class": "",
                                "id": ""
                            },
                            "collapsed": "",
                            "min": 0,
                            "max": 0,
                            "layout": "table",
                            "button_label": "",
                            "sub_fields": [
                                {
                                    "key": "field_5ea8384d84e80",
                                    "label": "Titre",
                                    "name": "title",
                                    "type": "text",
                                    "instructions": "",
                                    "required": 0,
                                    "conditional_logic": 0,
                                    "wrapper": {
                                        "width": "",
                                        "class": "",
                                        "id": ""
                                    },
                                    "default_value": "",
                                    "placeholder": "",
                                    "prepend": "",
                                    "append": "",
                                    "maxlength": ""
                                },
                                {
                                    "key": "field_5ea8385484e81",
                                    "label": "Texte",
                                    "name": "text",
                                    "type": "textarea",
                                    "instructions": "",
                                    "required": 0,
                                    "conditional_logic": 0,
                                    "wrapper": {
                                        "width": "",
                                        "class": "",
                                        "id": ""
                                    },
                                    "default_value": "",
                                    "placeholder": "",
                                    "maxlength": "",
                                    "rows": "",
                                    "new_lines": ""
                                },
                                {
                                    "key": "field_5ea8385d84e82",
                                    "label": "Image",
                                    "name": "image",
                                    "type": "image",
                                    "instructions": "",
                                    "required": 0,
                                    "conditional_logic": 0,
                                    "wrapper": {
                                        "width": "",
                                        "class": "",
                                        "id": ""
                                    },
                                    "return_format": "array",
                                    "preview_size": "thumbnail",
                                    "library": "all",
                                    "min_width": "",
                                    "min_height": "",
                                    "min_size": "",
                                    "max_width": "",
                                    "max_height": "",
                                    "max_size": "",
                                    "mime_types": ""
                                }
                            ]
                        }
                    ],
                    "min": "",
                    "max": ""
                },
                "layout_5ba67318eb101": {
                    "key": "layout_5ba67318eb101",
                    "name": "contact",
                    "label": "Contact",
                    "display": "block",
                    "sub_fields": [
                        {
                            "key": "field_5ea8389d84e83",
                            "label": "Slogan",
                            "name": "slogan",
                            "type": "text",
                            "instructions": "",
                            "required": 0,
                            "conditional_logic": 0,
                            "wrapper": {
                                "width": "",
                                "class": "",
                                "id": ""
                            },
                            "default_value": "",
                            "placeholder": "",
                            "prepend": "",
                            "append": "",
                            "maxlength": ""
                        },
                        {
                            "key": "field_5ba6741fet102",
                            "label": "Contact Form",
                            "name": "contact_form",
                            "type": "cf7",
                            "instructions": "",
                            "required": 0,
                            "conditional_logic": 0,
                            "wrapper": {
                                "width": "",
                                "class": "",
                                "id": ""
                            },
                            "allow_null": 0,
                            "multiple": 0,
                            "disable": ""
                        },
                        {
                            "key": "field_5ba68c6fd1de1",
                            "label": "Titre",
                            "name": "title",
                            "type": "text",
                            "instructions": "",
                            "required": 0,
                            "conditional_logic": 0,
                            "wrapper": {
                                "width": "",
                                "class": "",
                                "id": ""
                            },
                            "default_value": "",
                            "placeholder": "",
                            "prepend": "",
                            "append": "",
                            "maxlength": ""
                        }
                    ],
                    "min": "",
                    "max": ""
                },
                "layout_5b86744c3c176": {
                    "key": "layout_5b86744c3c176",
                    "name": "accordeon",
                    "label": "Accordéon",
                    "display": "block",
                    "sub_fields": [
                        {
                            "key": "field_5ea838f584e85",
                            "label": "Slogan",
                            "name": "slogan",
                            "type": "text",
                            "instructions": "",
                            "required": 0,
                            "conditional_logic": 0,
                            "wrapper": {
                                "width": "",
                                "class": "",
                                "id": ""
                            },
                            "default_value": "",
                            "placeholder": "",
                            "prepend": "",
                            "append": "",
                            "maxlength": ""
                        },
                        {
                            "key": "field_5ea838e184e84",
                            "label": "Texte",
                            "name": "text",
                            "type": "wysiwyg",
                            "instructions": "",
                            "required": 0,
                            "conditional_logic": 0,
                            "wrapper": {
                                "width": "",
                                "class": "",
                                "id": ""
                            },
                            "default_value": "",
                            "tabs": "all",
                            "toolbar": "full",
                            "media_upload": 1,
                            "delay": 0
                        },
                        {
                            "key": "field_5bd7693a51484",
                            "label": "Items",
                            "name": "items",
                            "type": "repeater",
                            "instructions": "",
                            "required": 0,
                            "conditional_logic": 0,
                            "wrapper": {
                                "width": "",
                                "class": "",
                                "id": ""
                            },
                            "collapsed": "",
                            "min": 0,
                            "max": 0,
                            "layout": "table",
                            "button_label": "",
                            "sub_fields": [
                                {
                                    "key": "field_5bd7694d51485",
                                    "label": "Titre",
                                    "name": "title",
                                    "type": "text",
                                    "instructions": "",
                                    "required": 0,
                                    "conditional_logic": 0,
                                    "wrapper": {
                                        "width": "",
                                        "class": "",
                                        "id": ""
                                    },
                                    "default_value": "",
                                    "placeholder": "",
                                    "prepend": "",
                                    "append": "",
                                    "maxlength": ""
                                },
                                {
                                    "key": "field_5bd7695651486",
                                    "label": "Texte",
                                    "name": "text",
                                    "type": "wysiwyg",
                                    "instructions": "",
                                    "required": 0,
                                    "conditional_logic": 0,
                                    "wrapper": {
                                        "width": "",
                                        "class": "",
                                        "id": ""
                                    },
                                    "default_value": "",
                                    "tabs": "all",
                                    "toolbar": "full",
                                    "media_upload": 1,
                                    "delay": 0
                                },
                                {
                                    "key": "field_5ea8394284e86",
                                    "label": "Image",
                                    "name": "image",
                                    "type": "image",
                                    "instructions": "",
                                    "required": 0,
                                    "conditional_logic": 0,
                                    "wrapper": {
                                        "width": "",
                                        "class": "",
                                        "id": ""
                                    },
                                    "return_format": "array",
                                    "preview_size": "thumbnail",
                                    "library": "all",
                                    "min_width": "",
                                    "min_height": "",
                                    "min_size": "",
                                    "max_width": "",
                                    "max_height": "",
                                    "max_size": "",
                                    "mime_types": ""
                                }
                            ]
                        },
                        {
                            "key": "field_5b9bb37d214c0",
                            "label": "Titre",
                            "name": "title",
                            "type": "text",
                            "instructions": "",
                            "required": 0,
                            "conditional_logic": 0,
                            "wrapper": {
                                "width": "",
                                "class": "section__title",
                                "id": ""
                            },
                            "default_value": "",
                            "placeholder": "",
                            "prepend": "",
                            "append": "",
                            "maxlength": ""
                        }
                    ],
                    "min": "",
                    "max": ""
                },
                "layout_5ea83b2a8ab72": {
                    "key": "layout_5ea83b2a8ab72",
                    "name": "articles",
                    "label": "Articles",
                    "display": "block",
                    "sub_fields": [
                        {
                            "key": "field_5eb01a3c17f92",
                            "label": "Bouton",
                            "name": "bouton",
                            "type": "link",
                            "instructions": "",
                            "required": 0,
                            "conditional_logic": 0,
                            "wrapper": {
                                "width": "",
                                "class": "",
                                "id": ""
                            },
                            "return_format": "array"
                        },
                        {
                            "key": "field_5ea83c0b7e68a",
                            "label": "Titre",
                            "name": "tittle",
                            "type": "text",
                            "instructions": "",
                            "required": 0,
                            "conditional_logic": 0,
                            "wrapper": {
                                "width": "",
                                "class": "",
                                "id": ""
                            },
                            "default_value": "",
                            "placeholder": "",
                            "prepend": "",
                            "append": "",
                            "maxlength": ""
                        },
                        {
                            "key": "field_5ea83c1d7e68b",
                            "label": "Slogan",
                            "name": "slogan",
                            "type": "text",
                            "instructions": "",
                            "required": 0,
                            "conditional_logic": 0,
                            "wrapper": {
                                "width": "",
                                "class": "",
                                "id": ""
                            },
                            "default_value": "",
                            "placeholder": "",
                            "prepend": "",
                            "append": "",
                            "maxlength": ""
                        }
                    ],
                    "min": "",
                    "max": ""
                },
                "layout_5ea83c3d7e68c": {
                    "key": "layout_5ea83c3d7e68c",
                    "name": "newsletter",
                    "label": "Newsletter",
                    "display": "block",
                    "sub_fields": [
                        {
                            "key": "field_5ea83c637e68d",
                            "label": "Titre",
                            "name": "title",
                            "type": "wysiwyg",
                            "instructions": "",
                            "required": 0,
                            "conditional_logic": 0,
                            "wrapper": {
                                "width": "",
                                "class": "",
                                "id": ""
                            },
                            "default_value": "",
                            "tabs": "all",
                            "toolbar": "full",
                            "media_upload": 1,
                            "delay": 0
                        },
                        {
                            "key": "field_5ec2a2377a23a",
                            "label": "Formulaire d'inscription",
                            "name": "formulaire_dinscription",
                            "type": "cf7",
                            "instructions": "",
                            "required": 0,
                            "conditional_logic": 0,
                            "wrapper": {
                                "width": "",
                                "class": "",
                                "id": ""
                            },
                            "allow_null": 0,
                            "multiple": 0,
                            "disable": ""
                        },
                        {
                            "key": "field_5ece80173f936",
                            "label": "Background",
                            "name": "background",
                            "type": "image",
                            "instructions": "",
                            "required": 0,
                            "conditional_logic": 0,
                            "wrapper": {
                                "width": "",
                                "class": "",
                                "id": ""
                            },
                            "return_format": "url",
                            "preview_size": "medium",
                            "library": "all",
                            "min_width": "",
                            "min_height": "",
                            "min_size": "",
                            "max_width": "",
                            "max_height": "",
                            "max_size": "",
                            "mime_types": ""
                        }
                    ],
                    "min": "",
                    "max": ""
                },
                "layout_5ea851585fd94": {
                    "key": "layout_5ea851585fd94",
                    "name": "formations",
                    "label": "Accueil - Cercles de formations",
                    "display": "block",
                    "sub_fields": [
                        {
                            "key": "field_5ea851735fd95",
                            "label": "Titre",
                            "name": "title",
                            "type": "text",
                            "instructions": "",
                            "required": 0,
                            "conditional_logic": 0,
                            "wrapper": {
                                "width": "",
                                "class": "",
                                "id": ""
                            },
                            "default_value": "",
                            "placeholder": "",
                            "prepend": "",
                            "append": "",
                            "maxlength": ""
                        }
                    ],
                    "min": "",
                    "max": ""
                }
            },
            "button_label": "Ajouter une section",
            "min": "",
            "max": ""
        }
    ],
    "location": [
        [
            {
                "param": "page_template",
                "operator": "==",
                "value": "templates\/sections.php"
            }
        ]
    ],
    "menu_order": 0,
    "position": "normal",
    "style": "seamless",
    "label_placement": "top",
    "instruction_placement": "label",
    "hide_on_screen": [
        "revisions",
        "slug",
        "author",
        "featured_image"
    ],
    "active": true,
    "description": "",
    "modified": 1639581909
}
