
{
  "header": {
    "reportVersion": 2,
    "event": "Allocation failed - JavaScript heap out of memory",
    "trigger": "FatalError",
    "filename": "report.20200528.154347.46739.0.001.json",
    "dumpEventTime": "2020-05-28T15:43:47Z",
    "dumpEventTimeStamp": "1590673427831",
    "processId": 46739,
    "threadId": null,
    "cwd": "/Volumes/Dev/Wordpress/silence/app/public/wp-content/themes/silence",
    "commandLine": [
      "node",
      "/usr/local/bin/gulp",
      "watch"
    ],
    "nodejsVersion": "v12.16.2",
    "wordSize": 64,
    "arch": "x64",
    "platform": "darwin",
    "componentVersions": {
      "node": "12.16.2",
      "v8": "7.8.279.23-node.34",
      "uv": "1.34.2",
      "zlib": "1.2.11",
      "brotli": "1.0.7",
      "ares": "1.15.0",
      "modules": "72",
      "nghttp2": "1.40.0",
      "napi": "5",
      "llhttp": "2.0.4",
      "http_parser": "2.9.3",
      "openssl": "1.1.1e",
      "cldr": "36.0",
      "icu": "65.1",
      "tz": "2019c",
      "unicode": "12.1"
    },
    "release": {
      "name": "node",
      "lts": "Erbium",
      "headersUrl": "https://nodejs.org/download/release/v12.16.2/node-v12.16.2-headers.tar.gz",
      "sourceUrl": "https://nodejs.org/download/release/v12.16.2/node-v12.16.2.tar.gz"
    },
    "osName": "Darwin",
    "osRelease": "19.4.0",
    "osVersion": "Darwin Kernel Version 19.4.0: Wed Mar  4 22:28:40 PST 2020; root:xnu-6153.101.6~15/RELEASE_X86_64",
    "osMachine": "x86_64",
    "cpus": [
      {
        "model": "Intel(R) Core(TM) i7-6700HQ CPU @ 2.60GHz",
        "speed": 2600,
        "user": 114117750,
        "nice": 0,
        "sys": 53796690,
        "idle": 128329600,
        "irq": 0
      },
      {
        "model": "Intel(R) Core(TM) i7-6700HQ CPU @ 2.60GHz",
        "speed": 2600,
        "user": 14067760,
        "nice": 0,
        "sys": 8176570,
        "idle": 273927150,
        "irq": 0
      },
      {
        "model": "Intel(R) Core(TM) i7-6700HQ CPU @ 2.60GHz",
        "speed": 2600,
        "user": 93482210,
        "nice": 0,
        "sys": 38598840,
        "idle": 164090720,
        "irq": 0
      },
      {
        "model": "Intel(R) Core(TM) i7-6700HQ CPU @ 2.60GHz",
        "speed": 2600,
        "user": 12829700,
        "nice": 0,
        "sys": 6724730,
        "idle": 276616890,
        "irq": 0
      },
      {
        "model": "Intel(R) Core(TM) i7-6700HQ CPU @ 2.60GHz",
        "speed": 2600,
        "user": 86540350,
        "nice": 0,
        "sys": 32689460,
        "idle": 176941880,
        "irq": 0
      },
      {
        "model": "Intel(R) Core(TM) i7-6700HQ CPU @ 2.60GHz",
        "speed": 2600,
        "user": 12897410,
        "nice": 0,
        "sys": 6332090,
        "idle": 276941750,
        "irq": 0
      },
      {
        "model": "Intel(R) Core(TM) i7-6700HQ CPU @ 2.60GHz",
        "speed": 2600,
        "user": 78410210,
        "nice": 0,
        "sys": 28623910,
        "idle": 189137490,
        "irq": 0
      },
      {
        "model": "Intel(R) Core(TM) i7-6700HQ CPU @ 2.60GHz",
        "speed": 2600,
        "user": 13478380,
        "nice": 0,
        "sys": 6201480,
        "idle": 276491320,
        "irq": 0
      }
    ],
    "networkInterfaces": [
      {
        "name": "lo0",
        "internal": true,
        "mac": "00:00:00:00:00:00",
        "address": "127.0.0.1",
        "netmask": "255.0.0.0",
        "family": "IPv4"
      },
      {
        "name": "lo0",
        "internal": true,
        "mac": "00:00:00:00:00:00",
        "address": "::1",
        "netmask": "ffff:ffff:ffff:ffff:ffff:ffff:ffff:ffff",
        "family": "IPv6",
        "scopeid": 0
      },
      {
        "name": "lo0",
        "internal": true,
        "mac": "00:00:00:00:00:00",
        "address": "fe80::1",
        "netmask": "ffff:ffff:ffff:ffff::",
        "family": "IPv6",
        "scopeid": 1
      },
      {
        "name": "en0",
        "internal": false,
        "mac": "78:4f:43:90:6c:1d",
        "address": "fe80::47b:84fd:3a8:6970",
        "netmask": "ffff:ffff:ffff:ffff::",
        "family": "IPv6",
        "scopeid": 5
      },
      {
        "name": "en0",
        "internal": false,
        "mac": "78:4f:43:90:6c:1d",
        "address": "192.168.1.13",
        "netmask": "255.255.255.0",
        "family": "IPv4"
      },
      {
        "name": "en0",
        "internal": false,
        "mac": "78:4f:43:90:6c:1d",
        "address": "2a01:cb00:c20:a300:1072:6b4:db60:c3dd",
        "netmask": "ffff:ffff:ffff:ffff::",
        "family": "IPv6",
        "scopeid": 0
      },
      {
        "name": "en0",
        "internal": false,
        "mac": "78:4f:43:90:6c:1d",
        "address": "2a01:cb00:c20:a300:bce8:553b:2d30:a8a5",
        "netmask": "ffff:ffff:ffff:ffff::",
        "family": "IPv6",
        "scopeid": 0
      },
      {
        "name": "awdl0",
        "internal": false,
        "mac": "26:d2:39:e5:b4:4a",
        "address": "fe80::24d2:39ff:fee5:b44a",
        "netmask": "ffff:ffff:ffff:ffff::",
        "family": "IPv6",
        "scopeid": 12
      },
      {
        "name": "llw0",
        "internal": false,
        "mac": "26:d2:39:e5:b4:4a",
        "address": "fe80::24d2:39ff:fee5:b44a",
        "netmask": "ffff:ffff:ffff:ffff::",
        "family": "IPv6",
        "scopeid": 13
      },
      {
        "name": "utun0",
        "internal": false,
        "mac": "00:00:00:00:00:00",
        "address": "fe80::f3cb:d290:b9f2:28b",
        "netmask": "ffff:ffff:ffff:ffff::",
        "family": "IPv6",
        "scopeid": 14
      },
      {
        "name": "utun1",
        "internal": false,
        "mac": "00:00:00:00:00:00",
        "address": "fe80::1b96:428b:cf62:d4d2",
        "netmask": "ffff:ffff:ffff:ffff::",
        "family": "IPv6",
        "scopeid": 15
      },
      {
        "name": "en5",
        "internal": false,
        "mac": "ac:de:48:00:11:22",
        "address": "fe80::aede:48ff:fe00:1122",
        "netmask": "ffff:ffff:ffff:ffff::",
        "family": "IPv6",
        "scopeid": 4
      }
    ],
    "host": "macbook-pro-de-mathilde-2.home"
  },
  "javascriptStack": {
    "message": "No stack.",
    "stack": [
      "Unavailable."
    ]
  },
  "nativeStack": [
    {
      "pc": "0x00000001001636d3",
      "symbol": "report::TriggerNodeReport(v8::Isolate*, node::Environment*, char const*, char const*, std::__1::basic_string<char, std::__1::char_traits<char>, std::__1::allocator<char> > const&, v8::Local<v8::String>) [/usr/local/bin/node]"
    },
    {
      "pc": "0x0000000100084d5a",
      "symbol": "node::OnFatalError(char const*, char const*) [/usr/local/bin/node]"
    },
    {
      "pc": "0x0000000100186477",
      "symbol": "v8::Utils::ReportOOMFailure(v8::internal::Isolate*, char const*, bool) [/usr/local/bin/node]"
    },
    {
      "pc": "0x0000000100186417",
      "symbol": "v8::internal::V8::FatalProcessOutOfMemory(v8::internal::Isolate*, char const*, bool) [/usr/local/bin/node]"
    },
    {
      "pc": "0x00000001003141c5",
      "symbol": "v8::internal::Heap::FatalProcessOutOfMemory(char const*) [/usr/local/bin/node]"
    },
    {
      "pc": "0x0000000100315a3a",
      "symbol": "v8::internal::Heap::RecomputeLimits(v8::internal::GarbageCollector) [/usr/local/bin/node]"
    },
    {
      "pc": "0x000000010031246c",
      "symbol": "v8::internal::Heap::PerformGarbageCollection(v8::internal::GarbageCollector, v8::GCCallbackFlags) [/usr/local/bin/node]"
    },
    {
      "pc": "0x000000010031026e",
      "symbol": "v8::internal::Heap::CollectGarbage(v8::internal::AllocationSpace, v8::internal::GarbageCollectionReason, v8::GCCallbackFlags) [/usr/local/bin/node]"
    },
    {
      "pc": "0x000000010031c13a",
      "symbol": "v8::internal::Heap::AllocateRawWithLightRetry(int, v8::internal::AllocationType, v8::internal::AllocationOrigin, v8::internal::AllocationAlignment) [/usr/local/bin/node]"
    },
    {
      "pc": "0x000000010031c1c1",
      "symbol": "v8::internal::Heap::AllocateRawWithRetryOrFail(int, v8::internal::AllocationType, v8::internal::AllocationOrigin, v8::internal::AllocationAlignment) [/usr/local/bin/node]"
    },
    {
      "pc": "0x00000001002e9dfa",
      "symbol": "v8::internal::Factory::NewFillerObject(int, bool, v8::internal::AllocationType, v8::internal::AllocationOrigin) [/usr/local/bin/node]"
    },
    {
      "pc": "0x000000010063f028",
      "symbol": "v8::internal::Runtime_AllocateInYoungGeneration(int, unsigned long*, v8::internal::Isolate*) [/usr/local/bin/node]"
    },
    {
      "pc": "0x000000010097d5b9",
      "symbol": "Builtins_CEntry_Return1_DontSaveFPRegs_ArgvOnStack_NoBuiltinExit [/usr/local/bin/node]"
    }
  ],
  "javascriptHeap": {
    "totalMemory": 2153697280,
    "totalCommittedMemory": 2151523360,
    "usedMemory": 2132786944,
    "availableMemory": 46380944,
    "memoryLimit": 2197815296,
    "heapSpaces": {
      "read_only_space": {
        "memorySize": 262144,
        "committedMemory": 33088,
        "capacity": 32808,
        "used": 32808,
        "available": 0
      },
      "new_space": {
        "memorySize": 2097152,
        "committedMemory": 1069504,
        "capacity": 1047456,
        "used": 19856,
        "available": 1027600
      },
      "old_space": {
        "memorySize": 1872371712,
        "committedMemory": 1871921192,
        "capacity": 1857973800,
        "used": 1857785928,
        "available": 187872
      },
      "code_space": {
        "memorySize": 2265088,
        "committedMemory": 2013760,
        "capacity": 1831712,
        "used": 1831712,
        "available": 0
      },
      "map_space": {
        "memorySize": 9965568,
        "committedMemory": 9750200,
        "capacity": 9051200,
        "used": 9051200,
        "available": 0
      },
      "large_object_space": {
        "memorySize": 266686464,
        "committedMemory": 266686464,
        "capacity": 264062656,
        "used": 264062656,
        "available": 0
      },
      "code_large_object_space": {
        "memorySize": 49152,
        "committedMemory": 49152,
        "capacity": 2784,
        "used": 2784,
        "available": 0
      },
      "new_large_object_space": {
        "memorySize": 0,
        "committedMemory": 0,
        "capacity": 1047456,
        "used": 0,
        "available": 1047456
      }
    }
  },
  "resourceUsage": {
    "userCpuSeconds": 237.458,
    "kernelCpuSeconds": 64.622,
    "cpuConsumptionPercent": 9.33208,
    "maxRss": 2813019029504,
    "pageFaults": {
      "IORequired": 5859,
      "IONotRequired": 4579246
    },
    "fsActivity": {
      "reads": 644,
      "writes": 80
    }
  },
  "libuv": [
  ],
  "workers": [
  ],
  "environmentVariables": {
    "USER": "marconte",
    "PATH": "/Users/marconte/Downloads/google-cloud-sdk/bin:/usr/local/opt/python/libexec/bin:/usr/lib/google-cloud-sdk/bin:/Users/marconte/.composer/vendor/bin:/Library/Frameworks/Python.framework/Versions/3.7/bin:/usr/local/bin:/usr/bin:/bin:/usr/sbin:/sbin:/usr/local/share/dotnet:/opt/X11/bin:/Library/Frameworks/Mono.framework/Versions/Current/Commands:/Applications/Wireshark.app/Contents/MacOS:/Users/marconte/opt/anaconda3/bin:/Users/marconte/opt/anaconda3/condabin:/Users/marconte/Downloads/google-cloud-sdk/bin:/usr/local/opt/python/libexec/bin:/usr/lib/google-cloud-sdk/bin:/Users/marconte/.composer/vendor/bin:/Library/Frameworks/Python.framework/Versions/3.7/bin:/Users/marconte/Library/Java/JUNIT:/Volumes/Dev/Library/emulator:/Volumes/Dev/Library/tools:/Volumes/Dev/Library/tools/bin:/Volumes/Dev/Library/platform-tools:/Users/marconte/Documents/flutter/bin:/Users/marconte/Library/Java/JUNIT:/Volumes/Dev/Library/emulator:/Volumes/Dev/Library/tools:/Volumes/Dev/Library/tools/bin:/Volumes/Dev/Library/platform-tools:/Users/marconte/Documents/flutter/bin",
    "LOGNAME": "marconte",
    "SSH_AUTH_SOCK": "/private/tmp/com.apple.launchd.cpDfiK7yOg/Listeners",
    "HOME": "/Users/marconte",
    "SHELL": "/bin/zsh",
    "__CF_USER_TEXT_ENCODING": "0x1F5:0x0:0x1",
    "TMPDIR": "/var/folders/td/bzn507yx75z229hpdq4xm7f00000gn/T/",
    "XPC_SERVICE_NAME": "0",
    "XPC_FLAGS": "0x0",
    "ANDROID_HOME": "/Volumes/Dev/Library",
    "CONDA_DEFAULT_ENV": "base",
    "CONDA_EXE": "/Users/marconte/opt/anaconda3/bin/conda",
    "CONDA_PREFIX": "/Users/marconte/opt/anaconda3",
    "CONDA_PROMPT_MODIFIER": "(base) ",
    "CONDA_PYTHON_EXE": "/Users/marconte/opt/anaconda3/bin/python",
    "CONDA_SHLVL": "1",
    "GIT_ASKPASS": "calories139",
    "GOOGLE_APPLICATION_CREDENTIALS": "/Users/marconte/Documents/dashja.nosync/src/serviceAccountKey.json",
    "JUNIT_HOME": "/Users/marconte/Library/Java/JUNIT",
    "LESS": "-R",
    "LSCOLORS": "Gxfxcxdxbxegedabagacad",
    "OLDPWD": "/Volumes/Dev/Wordpress/silence/app/public/wp-content/themes/silence",
    "PAGER": "less",
    "PWD": "/Volumes/Dev/Wordpress/silence/app/public/wp-content/themes/silence",
    "SHLVL": "1",
    "SPACESHIP_ROOT": "/Users/marconte/.oh-my-zsh/custom/themes/spaceship-prompt",
    "SPACESHIP_VERSION": "3.4.1",
    "ZSH": "/Users/marconte/.oh-my-zsh",
    "TERM_PROGRAM": "vscode",
    "TERM_PROGRAM_VERSION": "1.45.1",
    "LANG": "fr_FR.UTF-8",
    "COLORTERM": "truecolor",
    "VSCODE_GIT_IPC_HANDLE": "/var/folders/td/bzn507yx75z229hpdq4xm7f00000gn/T/vscode-git-f4cb5bdbb8.sock",
    "VSCODE_GIT_ASKPASS_NODE": "/Applications/Visual Studio Code.app/Contents/Frameworks/Code Helper (Renderer).app/Contents/MacOS/Code Helper (Renderer)",
    "VSCODE_GIT_ASKPASS_MAIN": "/Applications/Visual Studio Code.app/Contents/Resources/app/extensions/git/dist/askpass-main.js",
    "TERM": "xterm-256color",
    "LC_CTYPE": "fr_FR.UTF-8",
    "_CE_M": "",
    "_CE_CONDA": "",
    "_": "/usr/local/bin/gulp",
    "INIT_CWD": "/Volumes/Dev/Wordpress/silence/app/public/wp-content/themes/silence"
  },
  "userLimits": {
    "core_file_size_blocks": {
      "soft": 0,
      "hard": "unlimited"
    },
    "data_seg_size_kbytes": {
      "soft": "unlimited",
      "hard": "unlimited"
    },
    "file_size_blocks": {
      "soft": "unlimited",
      "hard": "unlimited"
    },
    "max_locked_memory_bytes": {
      "soft": "unlimited",
      "hard": "unlimited"
    },
    "max_memory_size_kbytes": {
      "soft": "unlimited",
      "hard": "unlimited"
    },
    "open_files": {
      "soft": 24576,
      "hard": "unlimited"
    },
    "stack_size_bytes": {
      "soft": 8388608,
      "hard": 67104768
    },
    "cpu_time_seconds": {
      "soft": "unlimited",
      "hard": "unlimited"
    },
    "max_user_processes": {
      "soft": 2784,
      "hard": 4176
    },
    "virtual_memory_kbytes": {
      "soft": "unlimited",
      "hard": "unlimited"
    }
  },
  "sharedObjects": [
    "/usr/local/bin/node",
    "/System/Library/Frameworks/CoreFoundation.framework/Versions/A/CoreFoundation",
    "/usr/lib/libSystem.B.dylib",
    "/usr/lib/libc++.1.dylib",
    "/usr/lib/libobjc.A.dylib",
    "/usr/lib/libfakelink.dylib",
    "/usr/lib/libDiagnosticMessagesClient.dylib",
    "/usr/lib/libicucore.A.dylib",
    "/usr/lib/libz.1.dylib",
    "/usr/lib/libc++abi.dylib",
    "/usr/lib/system/libcache.dylib",
    "/usr/lib/system/libcommonCrypto.dylib",
    "/usr/lib/system/libcompiler_rt.dylib",
    "/usr/lib/system/libcopyfile.dylib",
    "/usr/lib/system/libcorecrypto.dylib",
    "/usr/lib/system/libdispatch.dylib",
    "/usr/lib/system/libdyld.dylib",
    "/usr/lib/system/libkeymgr.dylib",
    "/usr/lib/system/liblaunch.dylib",
    "/usr/lib/system/libmacho.dylib",
    "/usr/lib/system/libquarantine.dylib",
    "/usr/lib/system/libremovefile.dylib",
    "/usr/lib/system/libsystem_asl.dylib",
    "/usr/lib/system/libsystem_blocks.dylib",
    "/usr/lib/system/libsystem_c.dylib",
    "/usr/lib/system/libsystem_configuration.dylib",
    "/usr/lib/system/libsystem_coreservices.dylib",
    "/usr/lib/system/libsystem_darwin.dylib",
    "/usr/lib/system/libsystem_dnssd.dylib",
    "/usr/lib/system/libsystem_featureflags.dylib",
    "/usr/lib/system/libsystem_info.dylib",
    "/usr/lib/system/libsystem_m.dylib",
    "/usr/lib/system/libsystem_malloc.dylib",
    "/usr/lib/system/libsystem_networkextension.dylib",
    "/usr/lib/system/libsystem_notify.dylib",
    "/usr/lib/system/libsystem_sandbox.dylib",
    "/usr/lib/system/libsystem_secinit.dylib",
    "/usr/lib/system/libsystem_kernel.dylib",
    "/usr/lib/system/libsystem_platform.dylib",
    "/usr/lib/system/libsystem_pthread.dylib",
    "/usr/lib/system/libsystem_symptoms.dylib",
    "/usr/lib/system/libsystem_trace.dylib",
    "/usr/lib/system/libunwind.dylib",
    "/usr/lib/system/libxpc.dylib",
    "/System/Library/Frameworks/ApplicationServices.framework/Versions/A/ApplicationServices",
    "/System/Library/Frameworks/CoreGraphics.framework/Versions/A/CoreGraphics",
    "/System/Library/Frameworks/CoreText.framework/Versions/A/CoreText",
    "/System/Library/Frameworks/ImageIO.framework/Versions/A/ImageIO",
    "/System/Library/Frameworks/ColorSync.framework/Versions/A/ColorSync",
    "/System/Library/Frameworks/ApplicationServices.framework/Versions/A/Frameworks/ATS.framework/Versions/A/ATS",
    "/System/Library/Frameworks/ApplicationServices.framework/Versions/A/Frameworks/ColorSyncLegacy.framework/Versions/A/ColorSyncLegacy",
    "/System/Library/Frameworks/CoreServices.framework/Versions/A/CoreServices",
    "/System/Library/Frameworks/ApplicationServices.framework/Versions/A/Frameworks/HIServices.framework/Versions/A/HIServices",
    "/System/Library/Frameworks/ApplicationServices.framework/Versions/A/Frameworks/LangAnalysis.framework/Versions/A/LangAnalysis",
    "/System/Library/Frameworks/ApplicationServices.framework/Versions/A/Frameworks/PrintCore.framework/Versions/A/PrintCore",
    "/System/Library/Frameworks/ApplicationServices.framework/Versions/A/Frameworks/QD.framework/Versions/A/QD",
    "/System/Library/Frameworks/ApplicationServices.framework/Versions/A/Frameworks/SpeechSynthesis.framework/Versions/A/SpeechSynthesis",
    "/System/Library/PrivateFrameworks/SkyLight.framework/Versions/A/SkyLight",
    "/System/Library/PrivateFrameworks/FontServices.framework/libFontParser.dylib",
    "/System/Library/Frameworks/Accelerate.framework/Versions/A/Accelerate",
    "/System/Library/Frameworks/IOSurface.framework/Versions/A/IOSurface",
    "/usr/lib/libxml2.2.dylib",
    "/System/Library/Frameworks/CFNetwork.framework/Versions/A/CFNetwork",
    "/System/Library/Frameworks/Foundation.framework/Versions/C/Foundation",
    "/System/Library/PrivateFrameworks/WatchdogClient.framework/Versions/A/WatchdogClient",
    "/usr/lib/libcompression.dylib",
    "/System/Library/Frameworks/SystemConfiguration.framework/Versions/A/SystemConfiguration",
    "/System/Library/Frameworks/CoreDisplay.framework/Versions/A/CoreDisplay",
    "/System/Library/PrivateFrameworks/IOAccelerator.framework/Versions/A/IOAccelerator",
    "/System/Library/Frameworks/IOKit.framework/Versions/A/IOKit",
    "/System/Library/Frameworks/Metal.framework/Versions/A/Metal",
    "/System/Library/Frameworks/MetalPerformanceShaders.framework/Versions/A/MetalPerformanceShaders",
    "/System/Library/PrivateFrameworks/MultitouchSupport.framework/Versions/A/MultitouchSupport",
    "/System/Library/Frameworks/Security.framework/Versions/A/Security",
    "/System/Library/Frameworks/QuartzCore.framework/Versions/A/QuartzCore",
    "/usr/lib/libbsm.0.dylib",
    "/usr/lib/liblzma.5.dylib",
    "/usr/lib/libauto.dylib",
    "/System/Library/Frameworks/DiskArbitration.framework/Versions/A/DiskArbitration",
    "/usr/lib/libarchive.2.dylib",
    "/usr/lib/liblangid.dylib",
    "/usr/lib/libCRFSuite.dylib",
    "/usr/lib/libenergytrace.dylib",
    "/usr/lib/system/libkxld.dylib",
    "/System/Library/PrivateFrameworks/AppleFSCompression.framework/Versions/A/AppleFSCompression",
    "/usr/lib/libcoretls.dylib",
    "/usr/lib/libcoretls_cfhelpers.dylib",
    "/usr/lib/libpam.2.dylib",
    "/usr/lib/libsqlite3.dylib",
    "/usr/lib/libxar.1.dylib",
    "/usr/lib/libbz2.1.0.dylib",
    "/usr/lib/libiconv.2.dylib",
    "/usr/lib/libcharset.1.dylib",
    "/usr/lib/libnetwork.dylib",
    "/usr/lib/libpcap.A.dylib",
    "/usr/lib/libapple_nghttp2.dylib",
    "/System/Library/Frameworks/CoreServices.framework/Versions/A/Frameworks/FSEvents.framework/Versions/A/FSEvents",
    "/System/Library/Frameworks/CoreServices.framework/Versions/A/Frameworks/CarbonCore.framework/Versions/A/CarbonCore",
    "/System/Library/Frameworks/CoreServices.framework/Versions/A/Frameworks/Metadata.framework/Versions/A/Metadata",
    "/System/Library/Frameworks/CoreServices.framework/Versions/A/Frameworks/OSServices.framework/Versions/A/OSServices",
    "/System/Library/Frameworks/CoreServices.framework/Versions/A/Frameworks/SearchKit.framework/Versions/A/SearchKit",
    "/System/Library/Frameworks/CoreServices.framework/Versions/A/Frameworks/AE.framework/Versions/A/AE",
    "/System/Library/Frameworks/CoreServices.framework/Versions/A/Frameworks/LaunchServices.framework/Versions/A/LaunchServices",
    "/System/Library/Frameworks/CoreServices.framework/Versions/A/Frameworks/DictionaryServices.framework/Versions/A/DictionaryServices",
    "/System/Library/Frameworks/CoreServices.framework/Versions/A/Frameworks/SharedFileList.framework/Versions/A/SharedFileList",
    "/System/Library/Frameworks/NetFS.framework/Versions/A/NetFS",
    "/System/Library/PrivateFrameworks/NetAuth.framework/Versions/A/NetAuth",
    "/System/Library/PrivateFrameworks/login.framework/Versions/A/Frameworks/loginsupport.framework/Versions/A/loginsupport",
    "/System/Library/PrivateFrameworks/TCC.framework/Versions/A/TCC",
    "/System/Library/PrivateFrameworks/CoreNLP.framework/Versions/A/CoreNLP",
    "/System/Library/PrivateFrameworks/MetadataUtilities.framework/Versions/A/MetadataUtilities",
    "/usr/lib/libmecabra.dylib",
    "/usr/lib/libmecab.dylib",
    "/usr/lib/libgermantok.dylib",
    "/usr/lib/libThaiTokenizer.dylib",
    "/usr/lib/libChineseTokenizer.dylib",
    "/System/Library/Frameworks/Accelerate.framework/Versions/A/Frameworks/vImage.framework/Versions/A/vImage",
    "/System/Library/Frameworks/Accelerate.framework/Versions/A/Frameworks/vecLib.framework/Versions/A/vecLib",
    "/System/Library/Frameworks/Accelerate.framework/Versions/A/Frameworks/vecLib.framework/Versions/A/libvMisc.dylib",
    "/System/Library/Frameworks/Accelerate.framework/Versions/A/Frameworks/vecLib.framework/Versions/A/libvDSP.dylib",
    "/System/Library/Frameworks/Accelerate.framework/Versions/A/Frameworks/vecLib.framework/Versions/A/libBLAS.dylib",
    "/System/Library/Frameworks/Accelerate.framework/Versions/A/Frameworks/vecLib.framework/Versions/A/libLAPACK.dylib",
    "/System/Library/Frameworks/Accelerate.framework/Versions/A/Frameworks/vecLib.framework/Versions/A/libLinearAlgebra.dylib",
    "/System/Library/Frameworks/Accelerate.framework/Versions/A/Frameworks/vecLib.framework/Versions/A/libSparseBLAS.dylib",
    "/System/Library/Frameworks/Accelerate.framework/Versions/A/Frameworks/vecLib.framework/Versions/A/libQuadrature.dylib",
    "/System/Library/Frameworks/Accelerate.framework/Versions/A/Frameworks/vecLib.framework/Versions/A/libBNNS.dylib",
    "/System/Library/Frameworks/Accelerate.framework/Versions/A/Frameworks/vecLib.framework/Versions/A/libSparse.dylib",
    "/System/Library/PrivateFrameworks/LanguageModeling.framework/Versions/A/LanguageModeling",
    "/System/Library/PrivateFrameworks/CoreEmoji.framework/Versions/A/CoreEmoji",
    "/System/Library/PrivateFrameworks/LinguisticData.framework/Versions/A/LinguisticData",
    "/System/Library/PrivateFrameworks/Lexicon.framework/Versions/A/Lexicon",
    "/usr/lib/libcmph.dylib",
    "/System/Library/Frameworks/OpenDirectory.framework/Versions/A/Frameworks/CFOpenDirectory.framework/Versions/A/CFOpenDirectory",
    "/System/Library/Frameworks/OpenDirectory.framework/Versions/A/OpenDirectory",
    "/System/Library/PrivateFrameworks/APFS.framework/Versions/A/APFS",
    "/System/Library/Frameworks/SecurityFoundation.framework/Versions/A/SecurityFoundation",
    "/usr/lib/libutil.dylib",
    "/System/Library/PrivateFrameworks/CoreServicesStore.framework/Versions/A/CoreServicesStore",
    "/System/Library/Frameworks/ServiceManagement.framework/Versions/A/ServiceManagement",
    "/System/Library/PrivateFrameworks/BackgroundTaskManagement.framework/Versions/A/BackgroundTaskManagement",
    "/usr/lib/libxslt.1.dylib",
    "/System/Library/PrivateFrameworks/GPUWrangler.framework/Versions/A/GPUWrangler",
    "/System/Library/PrivateFrameworks/IOPresentment.framework/Versions/A/IOPresentment",
    "/System/Library/PrivateFrameworks/DSExternalDisplay.framework/Versions/A/DSExternalDisplay",
    "/System/Library/Frameworks/OpenGL.framework/Versions/A/Libraries/libCoreFSCache.dylib",
    "/System/Library/Frameworks/MetalPerformanceShaders.framework/Frameworks/MPSCore.framework/Versions/A/MPSCore",
    "/System/Library/Frameworks/MetalPerformanceShaders.framework/Frameworks/MPSImage.framework/Versions/A/MPSImage",
    "/System/Library/Frameworks/MetalPerformanceShaders.framework/Frameworks/MPSNeuralNetwork.framework/Versions/A/MPSNeuralNetwork",
    "/System/Library/Frameworks/MetalPerformanceShaders.framework/Frameworks/MPSMatrix.framework/Versions/A/MPSMatrix",
    "/System/Library/Frameworks/MetalPerformanceShaders.framework/Frameworks/MPSRayIntersector.framework/Versions/A/MPSRayIntersector",
    "/System/Library/Frameworks/MetalPerformanceShaders.framework/Frameworks/MPSNDArray.framework/Versions/A/MPSNDArray",
    "/System/Library/PrivateFrameworks/MetalTools.framework/Versions/A/MetalTools",
    "/System/Library/PrivateFrameworks/AggregateDictionary.framework/Versions/A/AggregateDictionary",
    "/System/Library/PrivateFrameworks/CoreAnalytics.framework/Versions/A/CoreAnalytics",
    "/System/Library/PrivateFrameworks/AppleSauce.framework/Versions/A/AppleSauce",
    "/usr/lib/libMobileGestalt.dylib",
    "/System/Library/PrivateFrameworks/AppleSystemInfo.framework/Versions/A/AppleSystemInfo",
    "/usr/lib/libIOReport.dylib",
    "/System/Library/Frameworks/CoreImage.framework/Versions/A/CoreImage",
    "/System/Library/Frameworks/CoreVideo.framework/Versions/A/CoreVideo",
    "/System/Library/Frameworks/OpenGL.framework/Versions/A/OpenGL",
    "/System/Library/PrivateFrameworks/GraphVisualizer.framework/Versions/A/GraphVisualizer",
    "/System/Library/PrivateFrameworks/FaceCore.framework/Versions/A/FaceCore",
    "/System/Library/Frameworks/OpenCL.framework/Versions/A/OpenCL",
    "/usr/lib/libFosl_dynamic.dylib",
    "/System/Library/PrivateFrameworks/OTSVG.framework/Versions/A/OTSVG",
    "/System/Library/Frameworks/ApplicationServices.framework/Versions/A/Frameworks/ATS.framework/Versions/A/Resources/libFontRegistry.dylib",
    "/usr/lib/libate.dylib",
    "/System/Library/Frameworks/ImageIO.framework/Versions/A/Resources/libJPEG.dylib",
    "/System/Library/Frameworks/ImageIO.framework/Versions/A/Resources/libTIFF.dylib",
    "/System/Library/Frameworks/ImageIO.framework/Versions/A/Resources/libPng.dylib",
    "/System/Library/Frameworks/ImageIO.framework/Versions/A/Resources/libGIF.dylib",
    "/System/Library/Frameworks/ImageIO.framework/Versions/A/Resources/libJP2.dylib",
    "/System/Library/Frameworks/ImageIO.framework/Versions/A/Resources/libRadiance.dylib",
    "/usr/lib/libexpat.1.dylib",
    "/System/Library/PrivateFrameworks/AppleJPEG.framework/Versions/A/AppleJPEG",
    "/System/Library/PrivateFrameworks/FontServices.framework/libhvf.dylib",
    "/System/Library/Frameworks/OpenGL.framework/Versions/A/Libraries/libGFXShared.dylib",
    "/System/Library/Frameworks/OpenGL.framework/Versions/A/Libraries/libGLU.dylib",
    "/System/Library/Frameworks/OpenGL.framework/Versions/A/Libraries/libGL.dylib",
    "/System/Library/Frameworks/OpenGL.framework/Versions/A/Libraries/libGLImage.dylib",
    "/System/Library/Frameworks/OpenGL.framework/Versions/A/Libraries/libCVMSPluginSupport.dylib",
    "/System/Library/Frameworks/OpenGL.framework/Versions/A/Libraries/libCoreVMClient.dylib",
    "/usr/lib/libncurses.5.4.dylib",
    "/System/Library/Frameworks/ApplicationServices.framework/Versions/A/Frameworks/ATSUI.framework/Versions/A/ATSUI",
    "/usr/lib/libcups.2.dylib",
    "/System/Library/Frameworks/Kerberos.framework/Versions/A/Kerberos",
    "/System/Library/Frameworks/GSS.framework/Versions/A/GSS",
    "/usr/lib/libresolv.9.dylib",
    "/System/Library/PrivateFrameworks/Heimdal.framework/Versions/A/Heimdal",
    "/System/Library/Frameworks/Kerberos.framework/Versions/A/Libraries/libHeimdalProxy.dylib",
    "/usr/lib/libheimdal-asn1.dylib",
    "/System/Library/PrivateFrameworks/CommonAuth.framework/Versions/A/CommonAuth",
    "/System/Library/Frameworks/CoreAudio.framework/Versions/A/CoreAudio",
    "/System/Library/Frameworks/AudioToolbox.framework/Versions/A/AudioToolbox",
    "/System/Library/PrivateFrameworks/AssertionServices.framework/Versions/A/AssertionServices",
    "/System/Library/PrivateFrameworks/AudioToolboxCore.framework/Versions/A/AudioToolboxCore",
    "/System/Library/PrivateFrameworks/caulk.framework/Versions/A/caulk",
    "/System/Library/PrivateFrameworks/BaseBoard.framework/Versions/A/BaseBoard",
    "/System/Library/PrivateFrameworks/RunningBoardServices.framework/Versions/A/RunningBoardServices",
    "/System/Library/PrivateFrameworks/PersistentConnection.framework/Versions/A/PersistentConnection",
    "/System/Library/PrivateFrameworks/ProtocolBuffer.framework/Versions/A/ProtocolBuffer",
    "/System/Library/PrivateFrameworks/CommonUtilities.framework/Versions/A/CommonUtilities",
    "/System/Library/PrivateFrameworks/Bom.framework/Versions/A/Bom",
    "/usr/lib/libAudioToolboxUtility.dylib",
    "/System/Library/PrivateFrameworks/CoreServicesInternal.framework/Versions/A/CoreServicesInternal",
    "/Volumes/Dev/Wordpress/silence/app/public/wp-content/themes/silence/node_modules/fsevents/build/Release/fse.node",
    "/Volumes/Dev/Wordpress/silence/app/public/wp-content/themes/silence/node_modules/node-sass/vendor/darwin-x64-72/binding.node"
  ]
}